pitches,player_id,player_name,total_pitches,pitch_percent,ba,iso,babip,slg,woba,xwoba,xba,hits,abs,launch_speed,launch_angle,spin_rate,velocity,effective_speed,whiffs,swings,takes,eff_min_vel,release_extension,pos3_int_start_distance,pos4_int_start_distance,pos5_int_start_distance,pos6_int_start_distance,pos7_int_start_distance,pos8_int_start_distance,pos9_int_start_distance,pitcher_run_exp,run_exp,bat_speed,swing_length,pa,bip,singles,doubles,triples,hrs,so,k_percent,bb,bb_percent,api_break_z_with_gravity,api_break_z_induced,api_break_x_arm,api_break_x_batter_in,hyper_speed,bbdist,hardhit_percent,barrels_per_bbe_percent,barrels_per_pa_percent,release_pos_z,release_pos_x,plate_x,plate_z,obp,barrels_total,batter_run_value_per_100,xobp,xslg,pitcher_run_value_per_100,xbadiff,xobpdiff,xslgdiff,wobadiff,swing_miss_percent,arm_angle,attack_angle,attack_direction,swing_path_tilt,rate_ideal_attack_angle,intercept_ball_minus_batter_pos_x_inches,intercept_ball_minus_batter_pos_y_inches
69,641941,"Pagán, Emilio",1069,6.5,0.5,1,0.333,1.5,0.822,0.504,0.301,2,4,96.3,39.3,2498,93.5,94.21,5,21,48,0.7000000000000028,6.78,120,151,116,151,294,324,293,-0.857,0.857,73.6,7.6,4,4,0,1,0,1,0,0,0,0,1.25319,1.3729,0.4142,-0.13594,91.0,216,50,25,25,5.72,-1.53,0.06,2.6,0.5,1,1.242028986,0.301,0.923,-1.242028986,0.199,0.199,0.577,0.318,23.8,43.1,15.33591586471316,-9.770450190714088,30.576180577205044,0.47619047619047616,34.857048759403604,35.71402142895566
64,656546,"Hoffman, Jeff",1132,5.7,0.429,0.429,0.333,0.857,0.543,0.772,0.599,3,7,96.3,7.6,2571,94,94.03,5,20,44,0,6.55,119,151,109,151,293,325,297,-0.171,0.171,68.9,7.1,7,7,2,0,0,1,0,0,0,0,1.63641,0.98203,0.76047,-0.03578,94.9,182,57.14285714285714,28.57142857142857,28.57142857142857,5.79,-2.64,-0.06,2.63,0.429,2,0.2671875,0.599,1.213,-0.2671875,-0.17,-0.16999999999999998,-0.356,-0.229,25,36.6,7.934929323556338,2.0962226187332256,32.96474935586732,0.5263157894736842,34.10274973520446,27.478852075830254
63,663158,"Suarez, Robert",1086,5.8,0.286,0,0.286,0.286,0.252,0.223,0.243,2,7,92.1,28.9,2320,96,96.47,6,19,44,0.5,6.8,126,150,113,152,299,324,297,0.603,-0.603,71.4,7.2,7,7,2,0,0,0,0,0,0,0,1.04841,1.4527,0.64603,-0.06127,92.0,143,28.57142857142857,0,0,6.2,-1.13,0.19,2.69,0.286,0,-0.957142857,0.243,0.274,0.957142857,0.043,0.04299999999999998,0.012,0.029,31.6,47.2,11.325050732190238,-3.3054230320056393,32.405107518508196,0.7777777777777778,34.760714049890474,31.109756460134104
60,445276,"Jansen, Kenley",878,6.8,0.25,0,0.25,0.25,0.221,0.111,0.083,1,4,88.5,46.5,2587,91.2,91.85,7,14,46,0.7000000000000028,6.87,117,148,113,151,309,330,306,0.043,-0.043,73.7,7.1,4,4,1,0,0,0,0,0,0,0,1.18067,1.5825,-0.1535,-0.02617,90.7,244,50,0,0,6.27,-2.4,0.01,2.03,0.25,0,-0.071666667,0.083,0.185,0.071666667,0.167,0.16699999999999998,0.065,0.11,50,49.8,7.203621692515696,-1.497793010358594,35.14440393039668,0.42857142857142855,36.51409149365408,29.10211355611966
59,628452,"Iglesias, Raisel",974,6.1,0.1,0,0.1,0.1,0.088,0.287,0.267,1,10,90.8,30.4,2277,92.1,91.69,3,20,39,-0.3999999999999915,6.08,122,150,114,152,303,324,298,1.884,-1.884,74.0,7.5,10,10,1,0,0,0,0,0,0,0,1.86186,0.84373,0.98186,-0.01136,93.1,171,40,10,10,5.6,-1.84,-0.03,2.13,0.1,1,-3.193220339,0.267,0.412,3.193220339,-0.167,-0.167,-0.312,-0.199,15,32.1,14.892393593644508,-8.261313577487561,35.56518731568759,0.75,34.3870339557793,35.57791228233629
58,661395,"Duran, Jhoan",1086,5.3,0.5,0,0.5,0.5,0.441,0.301,0.325,2,4,86.1,-16.5,2111,95.7,95.33,7,16,42,-0.4000000000000057,6.12,120,149,107,151,295,325,294,0.406,-0.406,70.7,6.9,4,4,2,0,0,0,0,0,0,0,2.35328,0.17017,0.69207,-0.18483,94.8,101,50,0,0,6.03,-2.28,0.01,2.69,0.5,0,-0.7,0.325,0.352,0.7,0.175,0.175,0.148,0.14,43.8,32.9,5.7380086552946015,7.754428600003374,31.901406570838613,0.5333333333333333,38.818359137471674,24.607467478820574
58,608032,"Estévez, Carlos",1064,5.5,0.75,0.5,0.75,1.25,0.847,0.395,0.371,3,4,96.6,11.8,2155,90.9,90.7,3,17,41,-0.20000000000000284,6.15,119,150,120,151,293,322,297,-1.105,1.105,71.1,7.3,4,4,1,2,0,0,0,0,0,0,1.77052,1.00466,0.23276,-0.09966,92.5,194,50,0,0,6.09,-1.98,-0.08,2.45,0.75,0,1.905172414,0.371,0.581,-1.905172414,0.379,0.379,0.669,0.452,17.6,41.1,7.487202401925773,1.6263545495455853,33.63947699231514,0.5,37.99363407861846,28.715474960530788
56,664126,"Fairbanks, Pete",987,5.7,0.333,0.167,0.333,0.5,0.356,0.143,0.151,2,6,88.7,39.7,2446,92.2,92.47,3,12,44,0.29999999999999716,6.36,116,149,111,150,299,323,296,-0.008,0.008,74.4,7.4,6,6,1,1,0,0,0,0,0,0,1.99464,0.71196,-0.0775,0.01393,92.1,149,50,0,0,7.01,-0.16,-0.15,2.49,0.333,0,0.014285714,0.151,0.173,-0.014285714,0.182,0.18200000000000002,0.327,0.213,25,57.0,12.681048111976606,-1.7336524305417758,30.09352294964653,0.75,38.3503018137261,32.37307282064671
55,662253,"Muñoz, Andrés",1047,5.3,1,0,1,1,0.882,0.652,0.687,1,1,85.5,12,2256,92.2,92.61,6,13,42,0.3999999999999915,6.57,121,150,108,148,290,320,298,-0.172,0.172,65.5,7.4,1,1,1,0,0,0,0,0,0,0,2.23636,0.48909,0.41436,0.03655,88.0,195,0,0,0,5.34,-2.61,-0.15,2.36,1,0,0.312727273,0.687,0.796,-0.312727273,0.313,0.31299999999999994,0.204,0.23,46.2,27.2,11.895767423634448,-2.812096822388292,30.8907554489596,0.38461538461538464,40.426033274787564,30.083755645366885
51,621242,"Díaz, Edwin",1067,4.8,0,0,0,0,0.361,0.441,0.123,0,2,94.1,35,2319,94.2,95.42,6,12,39,1.2000000000000028,7.06,120,151,107,151,299,327,297,-0.451,0.451,70.0,7.1,4,2,0,0,0,0,0,0,0,0,1.70922,0.87686,0.83882,0.06471,100.8,319,50,0,0,4.97,-2.01,0,2.92,0.5,0,0.884313725,0.562,0.258,-0.884313725,-0.123,-0.062000000000000055,-0.258,-0.08,50,19.0,9.480827069435488,-0.18041694831031418,33.34007031845686,0.5454545454545454,34.87794680932678,28.308790106339714
50,547973,"Chapman, Aroldis",920,5.4,0.143,0.429,0,0.571,0.291,0.342,0.192,1,7,90.4,37.6,2393,96.5,97.95,4,21,29,1.4000000000000057,7.2,113,151,110,147,291,321,292,1.077,-1.077,72.7,7.3,7,7,0,0,0,1,0,0,0,0,1.0018,1.4638,0.3372,-0.1332,90.8,216,42.857142857142854,28.57142857142857,28.57142857142857,6.21,0.34,-0.16,2.78,0.143,2,-2.154,0.192,0.641,2.154,-0.049,-0.049000000000000016,-0.07,-0.051,19,51.9,9.52445445416014,-0.9541938796923645,29.01929157324544,0.6190476190476191,37.84223398236364,30.145483739973074
49,670280,"Bednar, David",1032,4.7,0,0,0,0,0,0.186,0.2,0,4,92.8,27.3,2408,82.9,82.78,2,9,40,-0.10000000000000853,6.34,115,150,108,150,294,318,292,1.111,-1.111,72.3,7.6,4,4,0,0,0,0,0,0,0,0,3.35347,0.09551,-0.27,0.09939,92.4,87,50,0,0,5.92,-1.69,0.21,2.38,0,0,-2.267346939,0.2,0.217,2.267346939,-0.2,-0.2,-0.217,-0.186,22.2,39.7,14.94267217106222,-7.286035659517811,28.268543790284387,0.6666666666666666,37.042776854715534,29.191048117011498
48,623352,"Hader, Josh",851,5.6,0,0,0,0,0,0.014,0.011,0,2,94.8,54.5,2405,85.9,85.54,8,16,32,-0.4000000000000057,6.4,118,152,110,149,300,329,301,1.272,-1.272,67.0,7.5,2,2,0,0,0,0,0,0,0,0,2.67146,0.49521,0.12191,0.05,89.7,163,50,0,0,5.59,3.26,0.01,2.43,0,0,-2.65,0.011,0.022,2.65,-0.011,-0.011,-0.022,-0.014,50,27.1,17.52284776672546,-15.31577327379022,31.9598342379655,0.5,35.74902629151564,39.26425231444603
41,676684,"Vest, Will",1141,3.6,0.167,0,0.167,0.167,0.147,0.221,0.234,1,6,80.1,-1.2,2282,95,95.05,2,9,32,0.09999999999999432,6.4,121,152,108,151,299,328,295,1.342,-1.342,70.2,6.7,6,6,1,0,0,0,0,0,0,0,1.50829,1.05875,0.47634,0.17878,90.6,99,16.666666666666664,0,0,5.68,-1.92,0.08,2.2,0.167,0,-3.273170732,0.234,0.273,3.273170732,-0.067,-0.067,-0.106,-0.074,22.2,53.6,2.511175639045811,4.257428547348457,35.26649305250775,0.4444444444444444,33.43538656906799,26.622721699625313
40,661403,"Clase, Emmanuel",754,5.3,0,0,0,0,0,0.439,0.439,0,3,93.1,5,2551,96,96.9,5,10,30,0.9000000000000057,6.67,120,149,115,152,293,317,295,0.036,-0.036,75.2,7.6,3,3,0,0,0,0,0,0,0,0,1.6215,0.858,-0.4685,0.0245,98.9,133,66.66666666666666,0,0,5.97,-1.01,0.44,1.97,0,0,-0.09,0.439,0.582,0.09,-0.439,-0.439,-0.582,-0.439,50,49.8,7.817242485477945,-1.4469352686747887,36.78922516048259,0.5,36.42439380531853,28.35413480623764
40,640448,"Finnegan, Kyle",855,4.7,0.5,0,0.5,0.5,0.441,0.188,0.2,3,6,94.4,1.3,2157,95.3,95.86,4,17,23,0.6000000000000085,6.64,119,151,113,151,303,326,303,-0.011,0.011,70.5,7.3,6,6,3,0,0,0,0,0,0,0,1.17825,1.3395,0.8745,0.0665,93.0,121,33.33333333333333,0,0,5.79,-1.97,-0.08,2.5,0.5,0,0.0275,0.2,0.237,-0.0275,0.3,0.3,0.263,0.253,23.5,52.0,7.388801146436939,2.3212858054406134,33.01755271759879,0.375,36.3363261091381,27.377454081443812
40,694037,"Palencia, Daniel",845,4.7,0.667,0,0.667,0.667,0.588,0.292,0.323,2,3,100.1,20.3,2327,97.5,97.87,4,14,26,0.4000000000000057,6.55,120,151,112,153,300,322,300,-0.374,0.374,69.3,6.7,3,3,2,0,0,0,0,0,0,0,1.3735,1.0445,0.86325,0.10475,92.4,185,100,0,0,5.6,-1.25,-0.03,3.3,0.667,0,0.935,0.323,0.352,-0.935,0.344,0.34400000000000003,0.315,0.296,28.6,33.5,7.981085023318903,5.502270917951245,31.62424844781992,0.6428571428571429,35.63552972805633,25.421962811679283
39,656730,"Megill, Trevor",765,5.1,0,0,0,0,0,0.068,0.039,0,1,94.1,40,2628,92.6,93.02,5,10,29,0.4000000000000057,6.58,122,151,113,152,305,330,301,0.621,-0.621,64.3,7.3,1,1,0,0,0,0,0,0,0,0,2.23821,0.45487,0.05872,0.01256,92.8,264,0,0,0,6.59,-0.12,0.37,2.26,0,0,-1.592307692,0.039,0.122,1.592307692,-0.039,-0.039,-0.122,-0.068,50,53.9,8.822514776051268,-5.265347971128319,30.749067295229295,0.3,37.101447250366434,33.54874553609486
39,642701,"Santana, Dennis",1002,3.9,0.167,0,0.167,0.167,0.147,0.269,0.287,1,6,93.6,19.5,2479,91.3,91.06,1,8,31,-0.20000000000000284,6.08,116,151,109,150,294,313,294,1.104,-1.104,72.6,6.9,6,6,1,0,0,0,0,0,0,0,1.94487,0.79564,0.41205,-0.00744,93.6,170,33.33333333333333,0,0,5.82,-2.04,0.07,2.73,0.167,0,-2.830769231,0.287,0.336,2.830769231,-0.12,-0.11999999999999997,-0.169,-0.122,12.5,31.5,8.087869283758222,4.010743163022298,31.38409174901905,0.625,36.89798283024032,27.020297796818575
39,664854,"Helsley, Ryan",994,3.9,0.625,0.125,0.625,0.75,0.598,0.353,0.356,5,8,95.6,8.9,2439,95.2,95.49,4,15,24,0.29999999999999716,6.56,119,150,110,150,297,325,301,-1.522,1.522,72.7,7.5,8,8,4,1,0,0,0,0,0,0,1.46026,1.08769,0.02605,-0.04079,95.3,135,50,0,0,6.14,-0.39,0.06,2.51,0.625,0,3.902564103,0.356,0.462,-3.902564103,0.269,0.269,0.288,0.245,26.7,60.5,13.40194798760472,-4.557767214245185,34.44809516253642,0.7333333333333333,35.16228118422621,32.804562535987394
38,656945,"Scott, Tanner",919,4.1,0.5,0,0.5,0.5,0.441,0.554,0.502,2,4,92.7,10,2619,94.2,94.02,4,16,22,-0.20000000000000284,6.16,112,152,113,149,299,317,293,0.168,-0.168,71.0,7.6,4,4,2,0,0,0,0,0,0,0,1.52816,1.04658,0.25395,-0.13079,94.0,164,75,25,25,5.34,2.53,-0.37,2.43,0.5,1,-0.442105263,0.502,0.796,0.442105263,-0.002,-0.0020000000000000018,-0.296,-0.113,25,35.5,10.46336504764222,-9.993771355216108,31.33165732020057,0.4375,33.704379737758934,31.697709614507687
37,676254,"Walker, Ryan",1024,3.6,0,0,0,0,0,,,0,1,,-84,2391,93.3,93.12,1,5,32,-0.20000000000000284,6.36,115,152,115,149,299,321,297,0.223,-0.223,70.5,7.0,1,1,0,0,0,0,0,0,0,0,2.41216,0.26171,1.00919,0.21459,88.0,4,0,0,0,5.05,-3.3,0.22,2.11,0,0,-0.602702703,,,0.602702703,,,,,20,17.0,4.778171709397089,10.694910066493229,36.5819169027964,0.2,37.92864958246011,20.129901198466477
37,695243,"Miller, Mason",981,3.8,0,0,0,0,0,0.011,0.013,0,2,86.7,62.5,2455,92.4,92.78,7,12,25,0.3999999999999915,6.66,119,151,116,150,301,327,298,0.763,-0.763,61.5,7.3,2,2,0,0,0,0,0,0,0,0,2.17378,0.58571,-0.09946,0.26811,88.2,212,0,0,0,6.15,-1.95,0.11,2.76,0,0,-2.062162162,0.013,0.013,2.062162162,-0.013,-0.013,-0.013,-0.011,58.3,34.4,11.89468319223677,-6.5367519563203125,33.01596785584874,0.4166666666666667,35.677675261161404,27.277285664615103
35,666808,"Doval, Camilo",1113,3.1,0.5,0,0.5,0.5,0.441,0.447,0.42,2,4,92.9,12.8,2497,95,95.31,3,10,25,0.29999999999999716,6.3,119,151,116,150,294,322,299,-0.349,0.349,70.0,7.2,4,4,2,0,0,0,0,0,0,0,1.92086,0.62471,0.21943,0.18857,92.5,181,50,25,25,5.28,-1.52,0.12,2.56,0.5,1,0.997142857,0.42,0.644,-0.997142857,0.08,0.08000000000000002,-0.144,-0.006,30,12.4,7.587293450473802,8.463417382111697,32.9231648476361,0.6,36.929372693306675,22.91195864143461
31,642207,"Williams, Devin",1119,2.8,0,0,0,0,0,0.135,0.144,0,1,94.4,-14,2528,88.9,90.14,7,14,17,1.1999999999999886,7.33,120,150,115,151,292,324,286,0.629,-0.629,70.2,7.0,1,1,0,0,0,0,0,0,0,0,2.36419,0.58871,1.23097,0.00194,89.1,135,0,0,0,5.3,-2.38,0.48,2.59,0,0,-2.029032258,0.144,0.164,2.029032258,-0.144,-0.144,-0.164,-0.135,50,22.2,5.021218918566427,-3.36092079136505,35.97190142895449,0.5,35.04948988217497,30.237918280091087
30,671922,"Smith, Cade",1194,2.5,0,0,0,0,0.241,0.355,0.15,0,2,89.2,8.5,1960,93.2,94.69,5,12,18,1.5,7.26,119,150,116,150,296,324,300,0.49,-0.49,62.8,6.5,3,2,0,0,0,0,0,0,0,0,1.704,0.98586,0.558,0.07533,89.6,192,50,0,0,5.85,-2.51,-0.33,3.14,0.333,0,-1.633333333,0.433,0.269,1.633333333,-0.15,-0.09999999999999998,-0.269,-0.114,41.7,37.3,1.466429800399276,-6.906802608026274,33.40552020579304,0.16666666666666666,39.21693308149063,23.72582408842675
29,676534,"Faucher, Calvin",1055,2.7,0.5,0,0.5,0.5,0.535,0.428,0.289,1,2,98.9,19.5,2673,92.6,91.92,2,4,25,-0.6999999999999886,5.85,118,150,104,151,303,322,296,-0.646,0.646,71.6,6.7,3,2,1,0,0,0,0,0,0,0,2.17724,0.51,0.0769,0.21759,98.9,196,50,0,0,5.97,-1.28,0.2,2.4,0.667,0,2.227586207,0.526,0.353,-2.227586207,0.211,0.14100000000000001,0.147,0.107,50,46.3,-0.23581124629431938,19.434814335657222,31.376450513415282,0.25,40.89552222756311,17.8938463327215
29,592426,"Jackson, Luke",802,3.6,0.25,0,0.25,0.25,0.221,0.274,0.29,2,8,83.5,8.9,2324,87.6,88,3,14,15,0.4000000000000057,6.66,120,151,114,151,296,328,300,0.273,-0.273,72.1,7.7,8,8,2,0,0,0,0,0,0,0,3.09759,-0.09172,0.05714,0.02357,91.4,120,12.5,0,0,6.39,-2.47,0.02,2.14,0.25,0,-0.94137931,0.29,0.335,0.94137931,-0.04,-0.03999999999999998,-0.085,-0.053,21.4,49.0,11.678520124549774,-6.349552618846942,36.1431657240573,0.5,37.22356466738841,32.226996784757226
25,676395,"Garcia, Robert",981,2.5,1,1,1,2,1.264,0.902,0.656,4,4,94.5,19.8,2174,90.2,90.16,4,11,14,0,6.43,114,153,107,150,299,326,296,-2.207,2.207,73.0,6.8,4,4,2,1,0,1,0,0,0,0,2.1528,0.6832,0.5852,-0.1844,94.0,239,50,25,25,5.65,3.75,0.48,2.78,1,1,8.828,0.656,1.528,-8.828,0.344,0.344,0.472,0.362,36.4,25.7,5.076604642312348,12.09868747511192,29.106578201914587,0.45454545454545453,36.108800733070375,22.413036559901922
20,680767,"Vodnik, Victor",927,2.2,0.667,1,0.5,1.667,0.973,1.08,0.852,2,3,99.7,18,2231,96.2,97.14,0,5,15,0.8999999999999915,6.58,122,151,106,149,301,331,301,-1.43,1.43,71.5,7.3,3,3,1,0,0,1,0,0,0,0,1.6295,0.827,0.54842,-0.14526,95.8,233,66.66666666666666,33.33333333333333,33.33333333333333,5.41,-2.24,-0.26,2.57,0.667,1,7.15,0.852,1.689,-7.15,-0.185,-0.18499999999999994,-0.022,-0.107,0,39.6,9.729186130189493,3.635965839857514,35.973787693363,0.5,30.983373947784603,28.367560610299655
20,650556,"Abreu, Bryan",1191,1.7,1,1,1,2,1.252,0.545,0.398,1,1,99.9,22,2448,92.5,92.53,1,4,16,0,6.57,120,151,110,151,300,330,297,-0.375,0.375,76.3,7.5,1,1,0,1,0,0,0,0,0,0,1.988,0.73,0.128,-0.19,92.0,177,100,0,0,5.57,-2.64,-0.35,2.51,1,0,1.875,0.398,0.901,-1.875,0.602,0.602,1.099,0.707,25,38.0,10.894400968659347,-6.739134606468321,37.24365102248019,0.5,32.84641300486392,31.995086816563603
19,606160,"Montero, Rafael",1096,1.7,,,,,,,,,,,,2230,90.8,90.76,2,5,14,0,6.27,116,152,117,150,298,325,297,0.341,-0.341,76.6,7.4,,,,,,,,,,,1.97263,0.81053,0.57263,0.05474,97.9,258,,,,5.07,-2.01,0.28,2.36,,,-1.794736842,,,1.794736842,,,,,40,33.9,12.696969274058624,-10.947949772391452,37.356830872408054,0.6,33.00028181304338,34.56848879020874
18,592454,"Kahnle, Tommy",1037,1.7,0,0,0,0,0,0.031,0.033,0,2,79.4,21,1406,86.9,87.56,0,4,14,0.6999999999999886,6.66,121,148,109,151,295,329,297,0.662,-0.662,70.8,7.0,2,2,0,0,0,0,0,0,0,0,2.75722,0.26111,0.94778,-0.25667,88.3,134,0,0,0,5.64,-2.23,-0.09,2.07,0,0,-3.677777778,0.033,0.036,3.677777778,-0.033,-0.033,-0.036,-0.031,0,34.0,12.835556161768856,4.079434540172321,35.39046704953299,0.25,33.662846854869194,31.40879628484865
18,621051,"Wilson, Steven",982,1.8,0,0,0,0,0,0.014,0.014,0,1,97.5,60,2529,86.5,86.54,3,6,12,0,6.52,112,153,117,148,303,318,297,0.362,-0.362,57.8,6.9,1,1,0,0,0,0,0,0,0,0,2.53778,0.575,-0.46222,-0.81778,91.2,169,100,0,0,5.99,-2.28,0.36,1.96,0,0,-2.011111111,0.014,0.019,2.011111111,-0.014,-0.014,-0.019,-0.014,50,47.3,10.025203732729917,-20.19969431125647,31.00538417428552,0.3333333333333333,41.7571805869883,43.442883997779134
18,668941,"Romero, JoJo",1008,1.8,0.667,0.333,0.667,1,0.711,0.561,0.527,2,3,98.6,-6.3,2329,89,87.23,2,5,13,-1.7999999999999972,5.24,114,152,112,149,305,326,302,-1.294,1.294,64.5,7.1,3,3,1,1,0,0,0,0,0,0,2.79167,0.12889,0.60222,-0.92222,102.4,180,66.66666666666666,33.33333333333333,33.33333333333333,5.36,2.06,0.03,2.2,0.667,1,7.188888889,0.527,0.793,-7.188888889,0.14,0.14,0.207,0.15,40,27.8,2.0296898607962217,9.962454900516656,35.3465230596283,0.4,39.228356100044664,24.89378586735202
18,596133,"Weaver, Luke",1053,1.7,0,0,0,0,0,0.371,0.249,0,2,81.5,-4,2409,94.3,93.68,1,7,11,-0.5999999999999943,6.12,122,148,113,153,291,322,290,0.582,-0.582,75.0,7.7,2,2,0,0,0,0,0,0,0,0,1.02833,1.55333,0.51778,-0.38333,91.5,114,50,0,0,5.69,-1.5,-0.21,2.68,0,0,-3.233333333,0.249,0.624,3.233333333,-0.249,-0.249,-0.624,-0.371,14.3,49.8,14.226747053075874,-4.681193570122561,27.06359876852236,0.8571428571428571,41.775035696994124,32.35619096986359
18,663969,"Phillips, Tyler",1114,1.6,0.25,0.75,0,1,0.509,0.499,0.32,1,4,86.7,16,2242,89.8,89.72,2,8,10,-0.09999999999999432,6.39,118,150,111,151,303,319,294,-0.271,0.271,68.7,7.5,4,4,0,0,0,1,0,0,0,0,2.95111,-0.06889,0.53722,0.64389,93.3,163,50,25,25,5.91,-1.25,-0.19,2.07,0.25,1,1.505555556,0.32,0.889,-1.505555556,-0.07,-0.07,0.111,0.01,25,30.1,14.606068183438744,-5.593317197343132,33.34389238536135,0.375,35.8503383107843,33.59863484300262
18,678606,"Ferrer, Jose A.",1215,1.5,0.667,1,0.5,1.667,0.973,0.976,0.66,2,3,102.7,5,2172,96.5,95.94,0,6,12,-0.5999999999999943,6.04,117,152,109,151,303,325,296,-1.028,1.028,74.2,7.5,3,3,1,0,0,1,0,0,0,0,1.985,0.47056,1.45889,-0.60556,98.1,146,100,33.33333333333333,33.33333333333333,5.86,3.02,-0.23,2.42,0.667,1,5.711111111,0.66,1.709,-5.711111111,0.007,0.007000000000000006,-0.042,-0.003,0,31.9,12.374092638096243,-2.8490431099139526,32.05079711046716,0.5,34.96584322107002,27.694718682924925
17,592773,"Stanek, Ryne",1063,1.6,0,0,0,0,0,0.235,0.178,0,4,79.6,9.8,2330,93.5,92.78,2,8,9,-0.7000000000000028,5.85,120,150,119,151,301,326,298,1.063,-1.063,72.7,7.8,4,4,0,0,0,0,0,0,0,0,1.64647,0.98765,0.36824,-0.24824,90.6,112,25,25,25,6.52,-0.77,0.43,2.63,0,1,-6.252941176,0.178,0.386,6.252941176,-0.178,-0.178,-0.386,-0.235,25,47.2,16.195940648996164,-8.53519275038334,31.595228175931936,0.5,37.584673060897,35.720406833580114
17,669211,"Akin, Keegan",1066,1.6,0,0,0,0,0,0.354,0.345,0,3,90.8,22.7,2343,93.3,91.99,1,7,10,-1.2999999999999972,5.79,115,152,111,147,304,324,294,1.243,-1.243,71.9,7.1,3,3,0,0,0,0,0,0,0,0,1.28647,1.36412,1.01,-0.80412,91.2,169,33.33333333333333,0,0,5.96,1.86,-0.05,2.46,0,0,-7.311764706,0.345,0.486,7.311764706,-0.345,-0.345,-0.486,-0.354,14.3,41.3,7.196733621814761,0.8956705791664855,35.37888917520105,0.2857142857142857,33.009778836702836,27.127271321831863
14,682842,"Uribe, Abner",1174,1.2,0,0,0,0,0,0.036,0.038,0,2,58.6,39,2448,90.6,90.31,1,3,11,-0.29999999999999716,6.28,120,151,121,152,304,328,300,0.426,-0.426,62.4,7.3,2,2,0,0,0,0,0,0,0,0,2.40786,0.42,-0.14786,-0.09643,88.0,11,0,0,0,5.96,-1.39,0.05,3.1,0,0,-3.042857143,0.038,0.039,3.042857143,-0.038,-0.038,-0.039,-0.036,33.3,37.7,12.685380395206268,-6.420256371077635,34.315591796029906,0.3333333333333333,34.817518020594605,27.471884918483095
14,552640,"Kittredge, Andrew",772,1.8,0,0,0,0,0,0.162,0.14,0,1,92.7,23,2415,93.8,94.56,1,6,8,0.7999999999999972,6.64,120,150,116,151,298,324,302,0.606,-0.606,74.6,7.2,1,1,0,0,0,0,0,0,0,0,1.81214,0.76929,0.54929,-0.23071,89.6,107,0,0,0,5.92,-1.69,0.01,2,0,0,-4.328571429,0.14,0.256,4.328571429,-0.14,-0.14,-0.256,-0.162,16.7,41.6,11.352454707824572,-5.6108119331225,26.89703077908484,0.8333333333333334,37.22577267652397,33.70941056871965
14,663687,"Harris, Hogan",1141,1.2,0.667,0.333,0.667,1,0.711,0.431,0.434,2,3,94.9,21,2344,90.7,90.66,1,5,9,0,6.56,114,152,118,149,297,324,298,-0.866,0.866,69.2,6.9,3,3,1,1,0,0,0,0,0,0,1.87214,0.99429,0.545,0.02643,93.2,284,66.66666666666666,0,0,6.1,2.14,0.24,2.65,0.667,0,6.185714286,0.434,0.581,-6.185714286,0.233,0.23300000000000004,0.419,0.28,20,54.8,2.6015205305740023,6.978529570830053,34.49238022471728,0.6,35.92932385803941,24.220530796339062
14,673929,"Leasure, Jordan",1133,1.2,0,0,0,0,0,0.066,0.069,0,1,74.9,-19,2431,94.1,95.29,2,5,9,1.2000000000000028,6.93,113,150,106,149,298,315,299,0.366,-0.366,74.0,8.1,1,1,0,0,0,0,0,0,0,0,1.37071,1.21429,0.13286,-0.14714,95.9,114,0,0,0,5.85,-0.97,0.2,2.54,0,0,-2.614285714,0.069,0.072,2.614285714,-0.069,-0.069,-0.072,-0.066,40,54.0,22.03784501535326,-24.60270525266504,29.47585306174792,0.4,32.64985115221946,47.203856986852266
14,672578,"Hernández, Carlos",761,1.8,0.5,0.5,0.5,1,0.626,0.546,0.425,1,2,101.3,10.5,2261,93.4,93.86,3,8,6,0.5,6.71,120,149,116,151,296,319,289,0.011,-0.011,64.9,7.5,2,2,0,1,0,0,0,0,0,0,1.62786,1.02143,0.42214,-0.14071,93.7,180,100,50,50,6.03,-1.94,0.14,2.08,0.5,1,-0.078571429,0.425,0.883,0.078571429,0.075,0.07500000000000001,0.117,0.08,37.5,38.6,14.600845355362313,-8.424520944727364,31.943515844287944,0.375,35.70054282935969,33.59002767070698
13,665660,"Alvarado, Elvis",767,1.7,,,,,,,,,,,,2348,95.4,94.2,1,2,11,-1.2000000000000028,5.76,116,151,114,150,299,325,296,0.027,-0.027,72.5,7.4,,,,,,,,,,,1.81462,0.72385,0.93231,-0.08,88.0,166,,,,5.75,-2.46,0,2.02,,,-0.207692308,,,0.207692308,,,,,50,18.9,12.845220497580375,-10.230666890444345,29.0977111375731,1,37.28612642316497,31.772322686409794
13,664208,"Maton, Phil",1017,1.3,,,,,0.722,0.722,,0,0,,,2538,86.4,87.31,2,2,11,0.8999999999999915,6.88,120,150,108,151,302,325,304,-0.213,0.213,76.6,6.4,1,0,0,0,0,0,0,0,0,0,2.59385,0.49077,0.00846,0.35,,,,,,5.18,-1.47,-0.24,2.76,1,,1.638461538,1,,-1.638461538,,0,,0,100,25.0,-1.7644473800830531,19.84164546795843,27.97851417333618,0,40.22443352778703,19.360154108304645
13,621381,"Strahm, Matt",995,1.3,0.5,0.5,0.5,1,0.626,0.268,0.255,1,2,97.2,36.5,2594,88.8,88.34,4,6,7,-0.5,6.15,113,150,115,149,300,319,287,-0.428,0.428,71.0,7.4,2,2,0,1,0,0,0,0,0,0,2.04231,0.89538,0.63769,-0.08231,97.2,230,100,0,0,5.42,2.26,-0.41,2.81,0.5,0,3.292307692,0.255,0.38,-3.292307692,0.245,0.245,0.62,0.358,66.7,30.8,12.99183040447664,-2.3062047239911667,29.788395379036277,0.4,35.378035747551856,29.89035597007088
13,685126,"Eisert, Brandon",1239,1,,,,,,,,,,,,1873,85.5,86.47,3,5,8,1,7.1,114,151,116,150,295,320,292,0.107,-0.107,71.7,7.6,,,,,,,,,,,2.51154,0.63231,0.53615,-0.01,88.0,198,,,,5.06,4.05,0.28,2.12,,,-0.823076923,,,0.823076923,,,,,60,29.7,12.707326945932403,-8.086459250619715,31.253276061398825,0.4,37.038626512348785,40.05642075112291
13,542888,"Armstrong, Shawn",1118,1.2,,,,,,,,,,,,2493,90.7,91.28,1,4,9,0.5999999999999943,6.66,118,151,107,149,294,324,301,0.107,-0.107,72.5,7.8,,,,,,,,,,,1.73615,1.04846,-0.11385,-0.37077,88.0,198,,,,5.79,-1.59,0.42,2.12,,,-0.823076923,,,0.823076923,,,,,25,40.7,10.136889438353386,2.64601355164284,32.649026556961715,1,42.67702777663896,25.912688921221715
12,623437,"Topa, Justin",990,1.2,0,0,0,0,0,0.007,0.008,0,1,92.2,54,2427,88.9,88.03,0,1,11,-0.7999999999999972,5.66,121,150,118,150,295,329,295,0.608,-0.608,75.8,7.6,1,1,0,0,0,0,0,0,0,0,2.65917,0.24333,0.23333,0.76667,92.2,259,0,0,0,4.94,-2.51,-0.09,2.36,0,0,-5.066666667,0.008,0.012,5.066666667,-0.008,-0.008,-0.012,-0.007,0,9.5,10.635272759501639,-5.814898230436153,31.620427506955846,1,39.6932091007276,25.992716662809393
12,657097,"Webb, Jacob",986,1.2,0.5,1.5,0,2,1.019,0.419,0.234,1,2,91.5,43,2507,88.4,87.87,0,3,9,-0.3999999999999915,6.37,117,153,114,150,302,328,299,-0.865,0.865,71.3,6.7,2,2,0,0,0,1,0,0,0,0,2.32917,0.6725,0.09167,-0.415,93.9,209,50,50,50,5.57,-2.9,0.53,2.24,0.5,1,7.208333333,0.234,0.793,-7.208333333,0.266,0.266,1.207,0.6,0,34.1,9.094702945876419,0.9335413104177899,31.824009326383987,1,28.44754915521696,29.260247487131366
12,660896,"Alcala, Jorge",1062,1.1,0,0,0,0,0,0.009,0.01,0,1,40.5,82,2431,94.9,93.98,1,4,8,-0.9000000000000057,5.76,118,150,117,150,290,321,294,0.288,-0.288,72.4,7.4,1,1,0,0,0,0,0,0,0,0,1.25417,1.28667,0.70333,0.09833,88.0,117,0,0,0,6.58,-2.11,-0.4,2.96,0,0,-2.4,0.01,0.01,2.4,-0.01,-0.01,-0.01,-0.009,25,51.1,13.006316073931306,-4.955875956952182,32.15579653048769,0.75,30.91778542720382,32.50230653826288
12,641755,"Kinley, Tyler",1239,1,0,0,0,0,0,0.177,0.183,0,2,93.2,10.5,2520,86.4,85.58,1,3,9,-0.8000000000000114,5.52,115,151,116,150,305,330,301,0.348,-0.348,67.1,8.3,2,2,0,0,0,0,0,0,0,0,2.72583,0.30917,-0.13,-0.015,93.2,184,0,0,0,6.58,-0.95,0.84,1.88,0,0,-2.9,0.183,0.248,2.9,-0.183,-0.183,-0.248,-0.177,33.3,46.9,23.91296510958764,-31.403602518684426,32.68350731697355,0.3333333333333333,38.62072878160468,34.59930810106107
12,678495,"Rodríguez, Randy",808,1.5,,,,,,,,,,,,2692,94.5,94.73,2,3,9,0.20000000000000284,6.55,118,152,109,150,300,322,292,0.068,-0.068,64.1,6.4,,,,,,,,,,,1.37583,1.2075,0.09167,0.205,88.0,155,,,,5.56,-2.7,-0.17,2.59,,,-0.566666667,,,0.566666667,,,,,66.7,39.4,5.330004646411829,15.147252832848727,26.736456966180494,0.3333333333333333,37.07225044536485,17.763087177846135
12,684320,"Rodríguez, Yariel",1172,1,,,,,,,,,,,,2484,95.7,95.58,1,2,10,-0.10000000000000853,6.4,115,152,111,149,297,324,295,-0.012,0.012,70.1,6.2,,,,,,,,,,,1.30583,1.20083,0.5075,0.2025,,,,,,5.67,-1.89,-0.29,3.15,,,0.1,,,-0.1,,,,,50,34.1,-6.289263770721857,26.567196196152757,33.29905192513543,0,35.9996641975453,17.521307672372103
12,660825,"Bazardo, Eduard",1232,1,,,,,,,,,,,,2282,88.6,87.69,0,2,10,-0.8999999999999915,5.79,122,150,111,149,286,318,298,0.148,-0.148,75.6,7.4,,,,,,,,,,,2.42083,0.5475,0.05,0.125,88.0,195,,,,5.9,-2.17,-0.12,2.51,,,-1.233333333,,,1.233333333,,,,,0,45.6,12.871989459012031,-8.067971359503874,31.346694195597255,1,32.00692918338281,37.146005467138444
12,663485,"Sands, Cole",1152,1,0,0,0,0,0,0.635,0.511,0,1,105,19,2370,88,86.59,0,2,10,-1.4000000000000057,5.73,121,149,114,152,300,331,294,0.208,-0.208,76.5,7.7,1,1,0,0,0,0,0,0,0,0,2.8125,0.20833,0.11917,-0.4925,104.1,167,100,100,100,5.61,-2.65,0.15,2.18,0,1,-1.733333333,0.511,1.027,1.733333333,-0.511,-0.511,-1.027,-0.635,0,22.3,19.188660877880626,-5.4201112051358,37.14116987998017,0.5,35.20249493365062,31.18112204231685
12,608718,"Suter, Brent",1141,1.1,0,0,0,0,0,0.549,0.573,0,1,99.6,4,2168,85.2,87.17,0,2,10,2,7.41,115,152,118,150,301,323,289,0.368,-0.368,73.1,7.3,1,1,0,0,0,0,0,0,0,0,2.06083,1.07583,-0.08333,0.18,99.6,79,100,0,0,6.11,3.16,0.02,2.41,0,0,-3.066666667,0.573,0.667,3.066666667,-0.573,-0.573,-0.667,-0.549,0,53.3,11.1355509155294,-3.0747767064865457,34.114984454770564,0,29.20113547969096,29.060283869462367
11,676617,"O'Brien, Riley",767,1.4,0,0,0,0,0,0.121,0.134,0,1,56.1,8,2320,94.6,95.7,0,1,10,1.1000000000000085,6.89,116,151,104,149,305,321,298,0.409,-0.409,71.4,6.8,1,1,0,0,0,0,0,0,0,0,2.04455,0.51273,0.80455,0.41545,88.0,59,0,0,0,5.58,-1.7,0.43,2.3,0,0,-3.718181818,0.134,0.189,3.718181818,-0.134,-0.134,-0.189,-0.121,0,30.0,-1.143084686907995,7.434962842765117,37.9799503659697,0,28.644635535977343,24.91340534207008
11,681982,"Anderson, Grant",1170,0.9,0,0,0,0,0,0.238,0.251,0,2,84.3,-3.5,2404,84.9,85,1,4,7,0.09999999999999432,6.44,120,152,122,151,304,327,296,0.789,-0.789,72.2,7.8,2,2,0,0,0,0,0,0,0,0,3.08545,0.13182,-0.04636,0.29364,95.2,26,50,0,0,4.19,-2.66,0.22,2.28,0,0,-7.172727273,0.251,0.281,7.172727273,-0.251,-0.251,-0.281,-0.238,25,0.8,14.404930149854067,-12.515680161014412,35.268199170508865,0.75,38.00566957293512,36.88584605851209
11,669371,"Henry, Cole",969,1.1,0,0,0,0,0,0.212,0.144,0,3,99.2,26,2473,90.1,90.47,1,5,6,0.4000000000000057,6.62,118,152,123,151,305,324,299,0.689,-0.689,69.9,7.2,3,3,0,0,0,0,0,0,0,0,2.03818,0.82,0.65727,0.78455,96.8,178,66.66666666666666,0,0,5.37,-2.03,0.25,2.96,0,0,-6.263636364,0.144,0.386,6.263636364,-0.144,-0.144,-0.386,-0.212,20,23.2,13.89091297237799,-4.923209271045039,25.873079404920297,0.8,36.75695998832429,35.178821720218785
11,678368,"Bellozo, Valente",1322,0.8,0.333,0,0.333,0.333,0.294,0.562,0.548,1,3,99.7,16,2453,83.3,82.76,1,6,5,-0.5,5.89,117,150,120,150,306,327,298,0.152,-0.152,71.9,7.1,3,3,1,0,0,0,0,0,0,0,2.65727,0.65273,-0.4,0.03091,95.0,181,66.66666666666666,0,0,6.04,-1.3,-0.1,2.73,0.333,0,-1.381818182,0.548,0.733,1.381818182,-0.215,-0.21500000000000002,-0.4,-0.268,16.7,45.9,10.628333096548609,-2.4926809542984443,32.601571515472905,0.6666666666666666,34.936504553088504,31.01622625411558
11,681911,"Vesia, Alex",1036,1.1,0.667,1,0.5,1.667,0.973,0.727,0.552,2,3,92.3,40.7,2475,91.3,91.15,0,3,8,-0.20000000000000284,6.19,105,153,105,150,297,314,290,-1.381,1.381,73.9,7.7,3,3,1,0,0,1,0,0,0,0,1.10909,1.62909,0.34636,-0.23909,97.7,204,66.66666666666666,33.33333333333333,33.33333333333333,5.99,0.23,0.2,3.19,0.667,1,12.554545455,0.552,1.173,-12.554545455,0.115,0.11499999999999999,0.494,0.246,0,64.6,17.861996243616886,-7.156509249195539,34.00345669530893,1,38.494893766859896,33.03104059111409
11,664199,"Clarke, Taylor",865,1.3,,,,,,,,,,,,2185,91.5,91.55,2,3,8,0,6.16,119,150,121,151,297,322,296,0.269,-0.269,74.9,8.3,,,,,,,,,,,2.01909,0.69727,0.43091,-0.20182,88.0,1,,,,6.04,-0.86,-0.01,2.73,,,-2.445454545,,,2.445454545,,,,,66.7,43.4,21.122344766601838,-22.837798190534684,30.53571116450882,0.3333333333333333,36.8194448016008,41.400588482458794
11,669674,"Long, Sam",790,1.4,0,0,0,0,0,0.118,0.131,0,1,82.7,-2,2300,89.5,88.81,0,2,9,-0.7000000000000028,5.92,114,149,122,150,298,319,292,0.169,-0.169,73.6,7.7,1,1,0,0,0,0,0,0,0,0,1.95,0.93455,0.60818,-0.02636,88.0,70,0,0,0,5.89,1.79,0.26,2.54,0,0,-1.536363636,0.131,0.148,1.536363636,-0.131,-0.131,-0.148,-0.118,0,47.2,19.520550419270087,-14.533584334481633,35.47072862730266,1,30.358378967866486,35.30470312519865
11,672391,"Ort, Kaleb",793,1.4,0,0,0,0,0,0.116,0.129,0,1,92.1,-17,2406,94.5,93.61,0,1,10,-0.9000000000000057,6.2,115,151,119,150,300,328,298,0.169,-0.169,63.9,6.5,1,1,0,0,0,0,0,0,0,0,1.28091,1.33,0.41,0.32091,92.1,8,0,0,0,5.94,-2.61,0.1,2.47,0,0,-1.536363636,0.129,0.149,1.536363636,-0.129,-0.129,-0.149,-0.116,0,41.3,-2.682972613964173,17.305082818528888,34.51399235807662,0,34.71494320388788,14.138642198657493
11,641745,"Keller, Brad",1114,1,0.5,0,0.5,0.5,0.441,0.141,0.157,1,2,75.9,-10,2362,94.2,93.65,2,7,4,-0.6000000000000085,5.93,117,151,116,152,298,320,296,0.092,-0.092,72.2,7.3,2,2,1,0,0,0,0,0,0,0,1.76455,0.82,0.15364,0.08818,88.0,152,0,0,0,6.44,-1.43,-0.36,2.8,0.5,0,-0.836363636,0.157,0.158,0.836363636,0.343,0.34299999999999997,0.342,0.3,28.6,48.0,8.837377807650254,0.16234955185702926,35.44404423302856,0.42857142857142855,36.701021601330496,28.222060670501847
11,656271,"Burke, Brock",1028,1.1,,,,,,,,,,,,2191,90.7,91.31,0,2,9,0.5999999999999943,6.73,115,151,112,149,308,324,306,0.109,-0.109,70.5,6.5,,,,,,,,,,,1.98182,0.80727,0.42364,-0.18182,88.0,84,,,,6.34,2,0.01,2.98,,,-0.990909091,,,0.990909091,,,,,0,39.9,7.582550623908236,-5.81989368978571,25.327519252916247,0.5,29.421119431822454,30.89510836356596
10,593974,"Peralta, Wandy",1153,0.9,,,,,,,,,,,,2208,91.5,90.29,2,3,7,-1.2000000000000028,5.72,124,151,121,151,301,326,301,-0.01,0.01,72.8,7.3,,,,,,,,,,,2.136,0.616,0.591,-0.157,88.0,151,,,,6.1,0.81,0.31,2.29,,,0.1,,,-0.1,,,,,66.7,44.7,16.160753081240717,-9.253414926732807,38.893672398997296,0.5,40.4573388840605,35.45544774511821
10,687911,"King, Bryan",1046,1,,,,,,,,,,,,2071,85.3,85.6,0,2,8,0.29999999999999716,6.64,116,151,115,150,291,326,293,0.07,-0.07,60.3,5.5,,,,,,,,,,,2.426,0.784,-0.317,0.687,88.0,95,,,,5.54,2.8,-0.26,2.13,,,-0.7,,,0.7,,,,,0,32.7,-9.64494963250979,22.768532372742442,34.29983453503744,0,34.47253204601938,14.565237129147684
10,572955,"Johnson, Pierce",979,1,,,,,,,,,,,,2728,87.2,86.26,1,3,7,-0.9000000000000057,5.62,120,151,117,151,300,321,298,0.07,-0.07,73.1,7.7,,,,,,,,,,,3.004,0,-0.254,0.33,88.0,165,,,,6.34,-1.82,-0.17,2.59,,,-0.7,,,0.7,,,,,33.3,41.2,13.307519715283412,-11.648856752643482,35.5038371632,0.3333333333333333,27.159626586445643,35.15862470349873
10,668674,"Erceg, Lucas",976,1,0,0,0,0,0,0.461,0.476,0,1,94.4,2,2012,95,95.39,1,2,8,0.4000000000000057,6.5,119,151,119,151,302,325,293,0.13,-0.13,68.7,7.2,1,1,0,0,0,0,0,0,0,0,1.783,0.772,0.882,0.32,94.4,55,0,0,0,6.1,-1.88,-0.07,2.74,0,0,-1.3,0.476,0.56,1.3,-0.476,-0.476,-0.56,-0.461,50,42.3,12.881803602318232,5.117444025115285,32.87562329221327,1,36.40368148362462,27.59704015291176
10,678024,"Vasil, Mike",1669,0.6,0,0,0,0,0,0.046,0.049,0,1,81.9,31,2154,92.2,91.89,0,2,8,-0.29999999999999716,6.16,116,151,117,149,295,314,297,0.29,-0.29,71.7,7.3,1,1,0,0,0,0,0,0,0,0,2.362,0.35,0.918,0.032,88.0,222,0,0,0,5.9,-1.61,-0.19,2.48,0,0,-2.9,0.049,0.077,2.9,-0.049,-0.049,-0.077,-0.046,0,29.1,12.559266921785822,-0.9762897055595001,43.888109323010724,1,31.263419058573056,31.971771795511685
10,666374,"Brash, Matt",828,1.2,0,0,0,0,0,0.091,0.096,0,1,95.9,-23,2726,88.9,88.68,1,4,6,-0.09999999999999432,6.38,125,149,106,149,289,321,297,0.45,-0.45,72.5,7.8,1,1,0,0,0,0,0,0,0,0,2.748,0.184,-0.535,0.271,91.5,76,100,0,0,5.34,-2.7,0.22,2.34,0,0,-4.5,0.096,0.172,4.5,-0.096,-0.096,-0.172,-0.091,25,30.2,14.131634426357522,-15.432091415016366,31.07982163109976,0.25,33.963992542522405,33.06025649944604
10,668984,"Legumina, Casey",869,1.2,0,0,0,0,0,0.043,0.042,0,1,84.3,-27,2374,91.7,92.22,3,4,6,0.5,6.8,119,150,107,148,285,315,294,0.29,-0.29,69.7,7.2,1,1,0,0,0,0,0,0,0,0,1.94,0.815,0.858,0.758,88.0,7,0,0,0,4.68,-2.24,-0.34,3.07,0,0,-2.9,0.042,0.042,2.9,-0.042,-0.042,-0.042,-0.043,75,18.0,12.021940911729008,-4.967074286267102,29.54072094926883,0.75,32.21566953629947,30.586918048313844
10,621053,"Ferguson, Tyler",998,1,0,0,0,0,0,0.013,0.012,0,2,82.8,65.5,2371,92.1,91.61,1,5,5,-0.5,6.19,117,153,115,148,301,325,299,0.67,-0.67,70.1,6.8,2,2,0,0,0,0,0,0,0,0,1.76,0.964,0.357,0.045,88.5,117,0,0,0,5.95,-3.29,-0.43,2.61,0,0,-6.7,0.012,0.018,6.7,-0.012,-0.012,-0.018,-0.013,20,27.3,6.6312845468740615,5.614766893711099,31.781834674613084,0.4,33.29963622252757,27.481817317901438
10,669622,"Bender, Anthony",793,1.3,,,,,,,,,,,,2679,85.7,84.49,0,1,9,-1.2000000000000028,5.61,116,150,112,151,301,326,297,-0.01,0.01,82.3,7.8,,,,,,,,,,,3.119,0.016,-0.821,-0.575,101.1,75,,,,5.5,-2.11,-0.08,2.49,,,0.1,,,-0.1,,,,,0,14.8,26.665030802781025,-22.602678810234814,36.47011079471626,0,26.127177443329863,41.488802224044655
10,622554,"Domínguez, Seranthony",1109,0.9,0,0,0,0,0,0.005,0.006,0,1,85.1,86,2358,94,93.81,1,2,8,-0.20000000000000284,6.29,117,150,109,149,292,320,299,0.13,-0.13,72.3,6.6,1,1,0,0,0,0,0,0,0,0,1.661,0.955,0.091,-0.389,88.0,43,0,0,0,5.6,-2.18,0.03,2.94,0,0,-1.3,0.006,0.006,1.3,-0.006,-0.006,-0.006,-0.005,50,29.0,7.087363946258557,10.052711438519259,23.210860910447874,0.5,39.55093595074942,21.077655408353685
10,657612,"Hill, Tim",912,1.1,0,0,0,0,0,0.239,0.204,0,4,96.2,2,2026,88.3,88.3,0,6,4,0,6.59,117,150,122,151,293,315,282,1.11,-1.11,72.0,6.7,4,4,0,0,0,0,0,0,0,0,3.427,-0.468,1.316,-0.486,93.5,137,50,25,25,3.08,3.98,0.46,2.46,0,1,-11.1,0.204,0.355,11.1,-0.204,-0.204,-0.355,-0.239,0,-24.2,-0.5969252678069279,16.11300840758465,35.38912064747971,0.2,37.6948876884655,20.403991598449284
9,675848,"Mejia, Juan",1078,0.8,,,,,,,,,,,,2567,93.3,93.5,0,1,8,0.20000000000000284,6.06,120,150,118,150,302,335,307,-0.129,0.129,69.1,7.0,,,,,,,,,,,1.88222,0.73111,-0.11222,-0.23222,,,,,,5.98,-1.46,-0.59,3.19,,,1.433333333,,,-1.433333333,,,,,0,37.1,2.9721935228315512,9.268743304996764,42.01830907362555,0,28.382690317314314,19.960650954081096
9,672841,"Vargas, Carlos",1117,0.8,0,0,0,0,0,0.236,0.188,0,1,95.6,24,2303,94.4,94.58,1,3,6,0.19999999999998863,6.58,119,151,111,147,292,318,291,0.331,-0.331,70.6,7.0,1,1,0,0,0,0,0,0,0,0,2.20778,0.38111,0.69667,-0.05889,91.8,253,100,0,0,5.8,-2.82,-0.21,2.7,0,0,-3.677777778,0.188,0.403,3.677777778,-0.188,-0.188,-0.403,-0.236,33.3,32.3,8.11226912122335,13.028145245084835,32.04646626629617,0.6666666666666666,41.77896501251119,22.311804220483136
9,489446,"Yates, Kirby",762,1.2,,,,,,,,,,,,2344,91.9,91.24,1,1,8,-0.7000000000000028,6.08,113,152,115,151,296,314,296,0.191,-0.191,73.7,7.7,,,,,,,,,,,1.58444,1.13333,1.17333,0.09556,,,,,,5.09,-2.6,0.55,2.1,,,-2.122222222,,,2.122222222,,,,,100,18.0,10.280453426427833,5.017095335856972,37.385747623257615,1,40.70283029166774,30.578671204212352
9,671131,"Rutledge, Jackson",1341,0.7,,,,,,,,,,,,2281,92.1,92.23,0,1,8,0.10000000000000853,6.24,120,151,131,152,305,324,306,-0.049,0.049,77.6,8.5,,,,,,,,,,,1.96111,0.72667,0.62,-0.04,96.9,16,,,,6.11,-2.17,-0.08,2.9,,,0.544444444,,,-0.544444444,,,,,0,31.6,24.86771141547993,-20.835446523683974,38.49214491783121,0,30.501561299448895,38.190889805957134
9,663465,"Allard, Kolby",1012,0.9,0,0,0,0,0,0.249,0.273,0,2,98.3,-10,1899,84.6,84.39,0,2,7,-0.19999999999998863,6.23,121,151,118,150,304,320,302,0.631,-0.631,71.4,7.1,2,2,0,0,0,0,0,0,0,0,2.53,0.72889,0.34,-0.06444,98.3,14,50,0,0,5.45,2,-0.15,2,0,0,-7.011111111,0.273,0.286,7.011111111,-0.273,-0.273,-0.286,-0.249,0,46.9,10.173981543218655,-0.04829273633613429,31.29680664591921,1,35.78988294399873,32.65727570664784
9,694335,"Svanson, Matt",965,0.9,,,,,,,,,,,,2243,94.4,94.89,0,1,8,0.5,6.53,117,151,119,151,302,323,298,-0.129,0.129,67.9,6.2,,,,,,,,,,,1.86444,0.70222,0.81556,0.22444,88.0,257,,,,5.78,-1.5,-0.12,2.78,,,1.433333333,,,-1.433333333,,,,,0,31.9,-5.227364597944196,23.874483651220235,30.108251525059522,0,42.43678001943089,22.390430798951435
9,666974,"Cano, Yennier",992,0.9,,,,,,,,,,,,2162,93,91.56,0,1,8,-1.4000000000000057,5.58,117,152,118,150,303,325,296,0.111,-0.111,75.1,7.0,,,,,,,,,,,2.55,0.10778,1.07556,-0.00222,88.0,170,,,,5.7,-2.25,0.1,2.45,,,-1.233333333,,,1.233333333,,,,,0,17.5,5.842556420867513,-9.012199945058006,26.4153012365874,1,30.598560593073003,31.63171632119307
9,676263,"Dreyer, Jack",1166,0.8,1,2,1,3,1.584,0.161,0.179,1,1,90.8,-13,2456,89.2,89.68,0,2,7,0.5,6.64,113,152,116,150,298,315,293,-0.931,0.931,72.5,7.1,1,1,0,0,1,0,0,0,0,0,1.86778,1.02778,0.33444,-0.11667,89.4,97,0,0,0,5.95,1.3,0,2.6,1,0,10.344444444,0.179,0.257,-10.344444444,0.821,0.821,2.743,1.423,0,56.7,11.087040946847544,-7.7064742222929326,32.077668378968,0.5,33.24778772108227,32.764975961179864
9,472610,"García, Luis",914,1,0,0,0,0,0,0.582,0.647,0,1,103.3,8,2220,91.4,91.8,2,3,6,0.3999999999999915,6.46,119,150,119,152,298,318,300,0.331,-0.331,74.2,7.6,1,1,0,0,0,0,0,0,0,0,2.10444,0.66778,0.33444,-0.24333,103.3,191,100,0,0,6.26,-2.13,0.03,2.34,0,0,-3.677777778,0.647,0.708,3.677777778,-0.647,-0.647,-0.708,-0.582,66.7,44.0,11.685394233314891,-14.418469433417377,31.015224249729037,1,37.96976861874049,42.79174370803679
8,678692,"Henriquez, Ronny",1167,0.7,,,,,,,,,,,,2417,92.3,92.56,1,2,6,0.29999999999999716,6.53,119,150,107,151,300,327,299,-0.008,0.008,65.3,7.5,,,,,,,,,,,1.77,0.93375,0.27,-0.205,88.0,139,,,,5.27,-2.42,0.31,1.93,,,0.1,,,-0.1,,,,,50,42.0,11.283644910776749,-22.23897118461978,39.05856224639808,0,39.05277903733577,43.501380228575414
8,607455,"Banda, Anthony",1091,0.7,0,0,0,0,0,0.411,0.452,0,1,103.5,0,2173,93.6,93.83,0,2,6,0.20000000000000284,6.24,118,152,121,151,295,317,298,0.292,-0.292,69.6,7.1,1,1,0,0,0,0,0,0,0,0,1.865,0.74375,0.7875,0.08,95.7,129,100,0,0,5.58,2.44,-0.04,2.22,0,0,-3.65,0.452,0.493,3.65,-0.452,-0.452,-0.493,-0.411,0,33.9,5.881647451199838,-1.641713364155347,37.8864907776598,0.5,32.3543712213619,31.124667333381673
8,571948,"Milner, Hoby",1170,0.7,,,,,,,,,,,,1809,80,80.13,0,0,8,0.19999999999998863,6.61,121,151,102,152,296,324,303,-0.008,0.008,,,,,,,,,,,,,3.70375,-0.085,-0.53,0.4,,,,,,4.21,4.3,0.59,2.28,,,0.1,,,-0.1,,,,,,-5.9,,,,,,
8,663574,"Santillan, Tony",1230,0.7,,,,,,,,,,,,2292,95.1,94.34,1,3,5,-0.7999999999999972,5.85,124,150,112,152,291,325,297,-0.008,0.008,70.4,7.4,,,,,,,,,,,1.41125,1.10875,1.08875,-0.60375,88.0,263,,,,5.4,-2.28,-0.67,2.47,,,0.1,,,-0.1,,,,,33.3,25.8,9.26618573212083,-0.4803246671085235,25.207303264072294,0.6666666666666666,39.68435714155191,25.40800057167348
8,669199,"Bachar, Lake",1153,0.7,1,0,1,1,0.882,0.773,0.837,1,1,91.8,12,2766,92.4,91.76,1,3,5,-0.6000000000000085,6.07,116,150,119,151,306,323,296,-0.245,0.245,73.6,8.1,1,1,1,0,0,0,0,0,0,0,1.69625,1,0.25,-0.3575,91.8,210,0,0,0,5.65,-1.53,0.06,2.22,1,0,3.0625,0.837,0.933,-3.0625,0.163,0.16300000000000003,0.067,0.109,33.3,34.3,18.223193027742198,-14.413020432934857,34.595399312110246,0.6666666666666666,38.51910153488802,39.6983989224721
8,641329,"Baker, Bryan",1102,0.7,,,,,,,,,,,,2338,93.6,93.81,2,4,4,0.20000000000000284,6.31,115,151,118,149,301,326,297,0.072,-0.072,68.4,7.6,,,,,,,,,,,1.43625,1.165,0.04375,-0.33875,88.0,93,,,,6.65,-0.8,0.01,2.92,,,-0.9,,,0.9,,,,,50,53.5,10.267085660974228,-3.367667320022468,31.151113089675434,0,40.57748793133147,28.81257074575734
8,663855,"Hicks, Jordan",1203,0.7,,,,,,,,,,,,1896,96,96.14,0,0,8,0.09999999999999432,6.36,118,151,122,151,288,318,292,0.072,-0.072,,,,,,,,,,,,,1.67,0.80875,1.25125,0.01625,,,,,,5.82,-1.79,0.2,2.32,,,-0.9,,,0.9,,,,,,40.0,,,,,,
8,656794,"Newcomb, Sean",1554,0.5,0,0,0,0,0,0.285,0.31,0,1,102,-6,2457,89.1,87.54,0,2,6,-1.5,5.53,111,153,107,148,289,321,295,0.212,-0.212,74.3,7.8,1,1,0,0,0,0,0,0,0,0,2.325,0.61,0.51125,-0.13375,95.0,114,100,0,0,6.11,2.59,0.52,2.16,0,0,-2.65,0.31,0.31,2.65,-0.31,-0.31,-0.31,-0.285,0,32.4,15.893313205829187,-8.829562958689598,37.65154644058862,0.5,40.13100606294118,36.36302474941632
8,643377,"Jax, Griffin",1105,0.7,0.667,0.333,0.667,1,0.711,0.568,0.584,2,3,103.9,4.7,2453,92.5,92.8,0,4,4,0.29999999999999716,6.38,119,149,110,150,297,324,288,-0.86,0.86,71.6,7.5,3,3,1,1,0,0,0,0,0,0,2.0025,0.6625,0.38571,-0.28857,99.9,133,100,0,0,5.54,-0.59,0.28,1.99,0.667,0,10.75,0.584,0.715,-10.75,0.083,0.08300000000000007,0.285,0.143,0,44.9,5.211043283531912,-4.512921538209398,29.080361265242555,0.75,35.803556679568146,32.067267713680565
8,673513,"Matsui, Yuki",1073,0.7,0,0,0,0,0,0.993,0.674,0,1,104.8,21,2525,88.2,87.01,1,3,5,-1.2000000000000028,5.72,126,150,127,153,299,326,302,0.292,-0.292,75.7,8.0,1,1,0,0,0,0,0,0,0,0,1.95,1.02875,-0.055,0.2525,103.7,195,100,100,100,6.15,1.97,-0.03,1.8,0,1,-3.65,0.674,1.689,3.65,-0.674,-0.674,-1.689,-0.993,33.3,54.7,18.262406123495936,-21.56606744560104,31.217120155374044,0.6666666666666666,36.5507746937985,42.82132376341716
8,676879,"Ashby, Aaron",1033,0.8,,,,,,,,,,,,2393,90.9,89,0,0,8,-1.9000000000000057,5.25,116,152,116,151,306,325,294,-0.008,0.008,,,,,,,,,,,,,2.8125,0.015,0.4775,-0.6575,,,,,,6.45,0.48,0.12,2.96,,,0.1,,,-0.1,,,,,,50.7,,,,,,
7,663738,"Lynch IV, Daniel",1092,0.6,,,,,,,,,,,,2123,87.2,87.54,0,2,5,0.29999999999999716,6.56,112,150,112,150,295,314,291,0.113,-0.113,64.0,7.6,,,,,,,,,,,2.62286,0.41857,0.48,-0.14857,88.0,176,,,,5.95,1.2,-0.1,2.66,,,-1.614285714,,,1.614285714,,,,,0,39.8,11.780261581106998,1.2809811374668785,29.70658630690115,1,47.062148248870386,25.06213435868667
7,663941,"Beck, Tristan",817,0.9,,,,,,,,,,,,2177,92.1,92.7,0,1,6,0.6000000000000085,6.79,122,151,117,150,290,321,297,-0.207,0.207,75.3,7.5,,,,,,,,,,,1.82286,0.89429,0.46429,-0.47,88.0,4,,,,6.05,-2.57,0.38,2.17,,,2.957142857,,,-2.957142857,,,,,0,43.5,8.99985265415137,-0.12826985133999252,37.29575969907762,1,30.5521737566246,23.90442439623073
7,702352,"Bivens, Spencer",1298,0.5,0,0,0,0,0,1.092,0.748,0,1,108.7,19,1964,94,93.76,0,1,6,-0.20000000000000284,6.23,120,150,125,150,287,322,297,-0.411,0.411,76.0,7.8,1,1,0,0,0,0,0,0,0,0,1.90714,0.68429,1.18429,-0.33857,108.7,332,100,100,100,6.22,-1.82,0.51,2.26,0,1,5.871428571,0.748,1.854,-5.871428571,-0.748,-0.748,-1.854,-1.092,0,35.6,23.340395327350667,-6.270906782902889,29.080033719659536,0,38.50796834736907,35.54548518153109
7,641401,"Brogdon, Connor",853,0.8,0.5,0,0.5,0.5,0.441,0.319,0.354,1,2,80.6,-7.5,2309,92.6,93.7,0,2,5,1.1000000000000085,7.03,117,149,107,152,309,330,304,-0.144,0.144,70.9,7.4,2,2,1,0,0,0,0,0,0,0,1.51429,1.16286,0.51714,-0.00571,95.3,88,50,0,0,5.77,-2.82,0.05,2.43,0.5,0,2.057142857,0.354,0.384,-2.057142857,0.146,0.14600000000000002,0.116,0.122,0,30.1,17.55972926572729,-5.580574242979709,37.24705154778522,0.5,38.96862706330225,35.48654325165165
7,667463,"King, John",782,0.9,0.5,0,0.5,0.5,0.441,0.266,0.287,1,2,93,-8,2180,92,91.5,1,5,2,-0.5,5.94,118,150,113,151,302,322,298,-0.144,0.144,75.5,8.1,2,2,1,0,0,0,0,0,0,0,2.51286,0.17429,1.23,0.21286,90.7,56,50,0,0,5.58,1.91,0.43,2.37,0.5,0,2.057142857,0.287,0.321,-2.057142857,0.213,0.21300000000000002,0.179,0.175,20,28.3,19.71367937625716,-6.351649175417591,34.83924864107739,0,35.28599124448369,32.22860476146604
7,657649,"Koenig, Jared",1047,0.7,,,,,,,,,,,,2323,94.8,94.47,0,0,7,-0.29999999999999716,6.26,113,151,108,151,308,322,296,0.033,-0.033,,,,,,,,,,,,,1.41,1.13857,1.13714,-0.56286,,,,,,6.19,2.11,-0.59,2.23,,,-0.471428571,,,0.471428571,,,,,,37.8,,,,,,
7,570632,"Ureña, José",938,0.7,0,0,0,0,0,0.082,0.088,0,1,72.6,-1,2110,94.5,93.6,1,3,4,-0.9000000000000057,6.09,113,153,119,149,308,323,295,0.253,-0.253,73.5,7.5,1,1,0,0,0,0,0,0,0,0,1.71143,0.87286,1.37571,0.62714,88.0,17,0,0,0,5.62,-2.9,0.23,2.01,0,0,-3.614285714,0.088,0.088,3.614285714,-0.088,-0.088,-0.088,-0.082,33.3,28.2,10.796345573983485,0.12907615346640622,34.64530173107923,0.6666666666666666,35.24049721566742,26.20539323895067
7,642152,"Trivino, Lou",843,0.8,0.5,0,0.5,0.5,0.441,0.147,0.163,1,2,54.3,-2,2321,87.3,87.31,0,2,5,0,6.3,124,149,111,152,290,320,298,-0.046,0.046,69.8,7.2,2,2,1,0,0,0,0,0,0,0,2.36429,0.67571,-0.31,0.32429,88.0,89,0,0,0,6.22,-1.31,0.31,2.82,0.5,0,0.657142857,0.163,0.169,-0.657142857,0.337,0.33699999999999997,0.331,0.294,0,36.5,19.617001937120015,12.932591539699096,22.90467402914136,1,51.505130772352,20.87159205189673
7,681517,"Leahy, Kyle",1352,0.5,0.5,0,0.5,0.5,0.441,0.371,0.356,1,2,101.2,2.5,2379,93.6,94.96,1,4,3,1.4000000000000057,7.14,114,149,108,151,305,325,305,-0.144,0.144,70.2,6.8,2,2,1,0,0,0,0,0,0,0,1.67143,0.95857,0.28286,0.3,96.8,158,100,0,0,5.78,-2.13,-0.46,2.7,0.5,0,2.057142857,0.356,0.515,-2.057142857,0.144,0.14400000000000002,-0.015,0.07,25,46.1,5.320444032313693,11.323803431727685,37.476155216358954,0.5,33.71099205723521,21.171274699875042
7,621383,"Banks, Tanner",1088,0.6,,,,,,,,,,,,2208,85.9,84.84,1,1,6,-1.1000000000000085,5.59,113,151,118,149,302,325,284,0.113,-0.113,83.8,8.1,,,,,,,,,,,2.65,0.47143,-0.21714,0.08286,,,,,,6.44,2.65,0.53,3.32,,,-1.614285714,,,1.614285714,,,,,100,46.8,17.310403709638194,-20.030026500440616,33.17690599558928,1,36.64344760835429,41.548962978914595
7,669711,"Weissert, Greg",1073,0.7,,,,,,,,,,,,2355,89.4,88.4,0,0,7,-1,5.67,113,151,107,149,281,319,293,0.033,-0.033,,,,,,,,,,,,,2.52571,0.35,0.44714,0.89571,,,,,,4.9,-2.4,-0.29,1.89,,,-0.471428571,,,0.471428571,,,,,,14.3,,,,,,
6,682120,"Herrin, Tim",756,0.8,,,,,,,,,,,,2342,90.3,90.82,0,1,5,0.5,6.43,118,153,127,148,298,322,293,-0.006,0.006,72.0,6.1,,,,,,,,,,,2.28833,0.52833,0.225,-0.17167,88.0,235,,,,5.77,1.95,-0.2,2.13,,,0.1,,,-0.1,,,,,0,31.5,-8.733089149431114,13.763729563308445,30.670694436205846,0,35.09395883716076,14.07119826090007
6,641302,"Alexander, Tyler",1603,0.4,,,,,,,,,,,,2199,87,86.55,1,1,5,-0.5,6.17,114,153,125,148,306,326,295,0.074,-0.074,70.3,7.7,,,,,,,,,,,1.98833,1.06833,0.57833,-0.35167,,,,,,5.61,1.76,0.09,2.64,,,-1.233333333,,,1.233333333,,,,,100,36.0,6.183416678975811,8.224328889661745,31.139710458484657,1,41.16316322385168,21.558462238686737
6,676477,"Whitlock, Garrett",1188,0.5,,,,,,,,,,,,2178,93.4,94.85,1,3,3,1.3999999999999915,7.17,121,149,115,151,288,320,300,0.074,-0.074,67.1,7.3,,,,,,,,,,,1.58667,1.05333,0.89833,-0.63167,88.0,226,,,,5.91,-1.43,-0.04,3.04,,,-1.233333333,,,1.233333333,,,,,33.3,40.2,10.12324834045755,-0.5855801707057591,36.3449316905141,0.3333333333333333,32.1031460244695,26.27241971192595
6,657514,"Bernardino, Brennan",855,0.7,0.5,0.5,0.5,1,0.626,0.175,0.149,1,2,88,6.5,2238,87.1,85.78,0,2,4,-1.2999999999999972,5.53,119,151,105,148,283,320,296,-0.461,0.461,70.5,7.5,2,2,0,1,0,0,0,0,0,0,2.54667,0.475,0.425,0.54167,92.1,177,50,0,0,5.21,3.11,-0.55,2.46,0.5,0,7.683333333,0.149,0.268,-7.683333333,0.351,0.351,0.732,0.451,0,19.9,6.024591376037023,-1.7112029452119017,39.86783314901462,0.5,29.393045523040275,29.029416879843062
6,657585,"Garrett, Reed",987,0.6,,,,,,,,,,,,2367,95,94.62,1,1,5,-0.4000000000000057,6.13,119,151,114,150,300,328,295,0.074,-0.074,70.9,7.8,,,,,,,,,,,1.84667,0.69167,1.03,0.03333,,,,,,5.68,-2.18,-0.05,2.25,,,-1.233333333,,,1.233333333,,,,,100,35.4,17.0460131264499,-20.19338560807767,26.199065639199592,1,46.47666945627543,42.20489260965775
6,670955,"Uceta, Edwin",1226,0.5,,,,,0.722,0.722,,0,0,,,2327,91.9,91.73,3,3,3,-0.20000000000000284,6.1,106,153,118,146,310,328,297,-0.326,0.326,64.0,6.0,1,0,0,0,0,0,0,0,0,0,1.96833,0.73,1.005,1.005,,,,,,4.64,-1.68,-0.45,2.83,1,,5.433333333,1,,-5.433333333,,0,,0,100,13.6,0.8510723439456448,27.085063847312227,31.324740540018176,0.3333333333333333,31.442557130657228,20.215198002879898
6,605452,"Ross, Joe",863,0.7,,,,,,,,,,,,2140,94.3,95.13,0,3,3,0.7999999999999972,6.65,117,150,122,149,297,324,290,0.154,-0.154,72.1,7.0,,,,,,,,,,,1.70833,0.84333,0.635,0.06167,91.8,144,,,,5.92,-2.07,-0.32,2.96,,,-2.566666667,,,2.566666667,,,,,0,35.6,8.22823657085148,-1.0596440124533921,36.5296365669489,0.3333333333333333,34.02083975009329,27.70043421901004
6,664076,"Cleavinger, Garrett",874,0.7,,,,,,,,,,,,2429,94.8,94.3,3,3,3,-0.5,6,109,151,107,149,300,325,297,0.154,-0.154,77.3,7.7,,,,,,,,,,,1.93,0.60667,1.10167,-0.205,,,,,,5.24,1.13,0.24,2.2,,,-2.566666667,,,2.566666667,,,,,100,30.2,10.24981061460371,3.7382705680911137,30.30388434580108,0.5,44.78985089981845,27.85029716127537
6,660853,"De Los Santos, Enyel",1118,0.5,0,0,0,0,0,0.077,0.066,0,1,83.1,30,2236,90.8,90.78,0,2,4,0,6.33,115,153,114,150,300,325,294,0.374,-0.374,74.4,7.4,1,1,0,0,0,0,0,0,0,0,2.005,0.78,0.32167,0.32833,88.0,262,0,0,0,5.5,-2,0.22,2.29,0,0,-6.233333333,0.066,0.122,6.233333333,-0.066,-0.066,-0.122,-0.077,0,23.9,8.207346666924678,-0.30790855673199324,34.37674169955275,0.5,34.59095668417095,27.97126571497589
6,668964,"Myers, Tobias",826,0.7,0.5,0,0.5,0.5,0.441,0.377,0.351,2,4,91.8,31.2,2046,88.3,89.33,1,5,1,1,6.85,122,150,120,152,305,325,301,-0.28,0.28,71.3,7.5,4,4,2,0,0,0,0,0,0,0,1.74167,1.21,0.52167,-0.525,92.6,285,25,0,0,5.79,-0.72,0.15,2.53,0.5,0,4.666666667,0.351,0.53,-4.666666667,0.149,0.14900000000000002,-0.03,0.064,20,61.5,12.028221726719373,-4.760847752263766,29.12239810775386,0.6,42.63236599068124,31.896295526856548
6,676755,"Mattson, Isaac",786,0.8,,,,,,,,,,,,2309,92.7,93.37,1,2,4,0.7000000000000028,6.68,117,151,117,150,298,314,295,0.074,-0.074,71.2,7.7,,,,,,,,,,,1.07667,1.57333,0.66167,0.21833,97.6,7,,,,6.14,-1.37,-0.57,3.06,,,-1.233333333,,,1.233333333,,,,,50,48.7,17.651255674806563,-0.004660550590205759,32.55840973162195,0.5,34.03522624842429,22.20602429383097
6,689147,"Kerkering, Orion",1083,0.6,,,,,,,,,,,,2554,93.5,93.33,3,3,3,-0.20000000000000284,6.3,112,151,116,148,298,315,284,0.234,-0.234,65.7,7.2,,,,,,,,,,,1.765,0.88,0.27167,0.27167,,,,,,5.79,-1.61,0.44,2.15,,,-3.9,,,3.9,,,,,100,31.3,6.915308247610909,9.624561652224187,30.89683262263029,0.3333333333333333,44.67473623891979,22.742421684775362
6,688158,"Morgan, David",770,0.8,1,3,,4,2.037,1.228,0.658,1,1,101.6,28,2324,96.8,95.82,0,3,3,-1,6,119,153,117,149,307,324,297,-1.079,1.079,71.1,6.5,1,1,0,0,0,1,0,0,0,0,1.29667,1.15833,0.97,0.97,92.5,233,100,100,100,5.39,-2.04,0.14,3.29,1,1,17.983333333,0.658,2.362,-17.983333333,0.342,0.34199999999999997,1.638,0.809,0,33.2,3.7275119372869456,5.67359342149248,22.356407623524227,0.6666666666666666,35.6543654244842,25.47736285115883
6,670167,"Schreiber, John",1051,0.6,,,,,,,,,,,,2392,90.2,90.6,0,2,4,0.3999999999999915,6.52,125,148,128,153,291,323,297,0.074,-0.074,77.8,8.0,,,,,,,,,,,2.53833,0.28,0.36167,0.11833,94.2,101,,,,4.62,-2.7,0.2,2.36,,,-1.233333333,,,1.233333333,,,,,0,10.9,6.8457722535101215,-12.438331010605461,36.350387478553074,0,27.325768192538753,38.17771788781881
6,806188,"Gibson, Cade",917,0.7,0.5,0,0.5,0.5,0.441,0.122,0.137,1,2,61.2,-41.5,2386,85.2,84.22,1,4,2,-1,5.95,115,148,96,150,301,316,293,-0.462,0.462,68.9,7.0,2,2,1,0,0,0,0,0,0,0,3.25,-0.01167,0.58833,0.45833,88.0,3,0,0,0,5.92,1.32,0.27,2.6,0.5,0,7.7,0.137,0.139,-7.7,0.363,0.363,0.361,0.319,25,36.2,9.502186697382736,0.8056556984072047,35.22260898972232,0,36.759439302123994,28.08997550655879
6,669276,"Lee, Dylan",1104,0.5,,,,,,,,,,,,2131,88.4,88.35,0,1,5,-0.10000000000000853,6.28,117,152,130,151,303,325,298,-0.086,0.086,75.9,7.8,,,,,,,,,,,2.01,0.91667,0.28333,0.01333,88.0,194,,,,6.54,1.75,-0.27,1.34,,,1.433333333,,,-1.433333333,,,,,0,46.1,22.59979130340834,-8.444899725799877,36.764965979745504,0,42.70486444140157,33.23648859336829
6,669387,"Mlodzinski, Carmen",1648,0.4,,,,,,,,,,,,2205,91.5,91.75,0,1,5,0.29999999999999716,6.42,119,150,121,151,296,308,291,-0.006,0.006,65.8,7.7,,,,,,,,,,,2.26167,0.48,0.52333,0.02,88.0,199,,,,5.4,-2.38,0.73,1.85,,,0.1,,,-0.1,,,,,0,35.1,16.87029804929788,-11.73326845339229,37.322626943264666,1,41.30120373993232,33.02544351292484
6,670970,"Morejon, Adrian",1007,0.6,0,0,0,0,0,0.21,0.233,0,2,63.5,-43.5,2578,93.9,93.42,0,2,4,-0.3999999999999915,6.27,117,152,113,149,306,324,295,-0.005,0.005,68.2,7.2,2,2,0,0,0,0,0,0,0,0,2.025,0.60333,0.59,-0.65667,90.7,10,0,0,0,6,2.47,-0.24,2.66,0,0,0.083333333,0.233,0.245,-0.083333333,-0.233,-0.233,-0.245,-0.21,0,44.5,8.240585608437451,7.133706372271169,35.63047206076435,1,39.64627388389123,28.71680125807063
6,686993,"Sterner, Justin",1101,0.5,0,0,0,0,0,1.604,0.812,0,1,104.5,29,2378,91,91.17,1,2,4,0.20000000000000284,6.52,120,151,122,150,305,328,295,0.374,-0.374,68.1,6.3,1,1,0,0,0,0,0,0,0,0,1.505,1.26667,0.53667,-0.27667,104.5,370,100,100,100,5.5,-2.99,0.03,2.93,0,1,-6.233333333,0.812,3.125,6.233333333,-0.812,-0.812,-3.125,-1.604,50,34.9,11.2329350274665,9.031870381639289,30.70647209107532,1,32.53110853458581,27.910339635475005
6,700669,"Graceffo, Gordon",756,0.8,,,,,,,,,,,,2209,91.2,91.53,2,3,3,0.29999999999999716,6.35,118,150,118,150,301,323,296,0.154,-0.154,70.6,7.9,,,,,,,,,,,2.20333,0.54667,0.07333,-0.15667,88.0,196,,,,6.09,-1.61,-0.32,1.95,,,-2.566666667,,,2.566666667,,,,,66.7,51.7,19.050527561813105,-15.96059320941589,38.201419239740346,0.3333333333333333,35.25551531473668,39.99936092709697
5,674370,"Bido, Osvaldo",1386,0.4,0,0,0,0,0,0.005,0.006,0,1,83,84,2390,92.7,92.36,1,3,2,-0.29999999999999716,6.34,121,152,121,150,302,326,297,0.335,-0.335,74.2,7.4,1,1,0,0,0,0,0,0,0,0,1.564,1.13,0.66,0.112,95.3,78,0,0,0,5.87,-2.43,-0.56,3.18,0,0,-6.7,0.006,0.006,6.7,-0.006,-0.006,-0.006,-0.005,33.3,33.6,16.99863618023631,-0.8598204459540995,31.328895653894733,0,32.960340251944224,33.17075633866196
5,643511,"Rogers, Tyler",978,0.5,0,0,0,0,0,0.21,0.233,0,1,72.4,-54,2018,83.5,82.7,0,2,3,-0.7999999999999972,6.04,121,152,117,151,300,325,292,0.415,-0.415,72.5,7.1,1,1,0,0,0,0,0,0,0,0,4.454,-1.138,0.112,0.028,88.3,133,0,0,0,1.4,-3.76,-0.36,2.33,0,0,-8.3,0.233,0.253,8.3,-0.233,-0.233,-0.253,-0.21,0,-60.3,6.368885967837439,7.423649528429329,33.1352783194027,1,37.50938065300781,25.090731924206942
5,623211,"Brazobán, Huascar",1017,0.5,,,,,,,,,,,,2112,91.8,90.46,0,1,4,-1.2999999999999972,5.68,122,151,115,151,299,328,298,0.035,-0.035,78.5,7.0,,,,,,,,,,,2.296,0.45,1.192,0.504,88.0,198,,,,5.93,-1.74,-0.38,1.97,,,-0.7,,,0.7,,,,,0,39.4,1.9337980843486446,24.267416056768518,26.886698220622268,0,29.71363842232327,20.552576933181978
5,595345,"Okert, Steven",1057,0.5,,,,,,,,,,,,2271,86.5,85.6,1,3,2,-0.9000000000000057,6.04,115,154,116,148,290,331,297,0.035,-0.035,73.3,8.0,,,,,,,,,,,2.112,1.008,0.248,-0.248,89.3,224,,,,6.06,3.31,0.31,2.91,,,-0.7,,,0.7,,,,,33.3,33.5,14.151581254870598,-10.43625110793599,28.939218014692578,0.6666666666666666,38.995170861478144,34.29282063326623
5,656641,"Latz, Jacob",1397,0.4,,,,,,,,,,,,2332,87.7,87.94,1,3,2,0.20000000000000284,6.62,117,152,112,150,301,332,298,0.035,-0.035,71.8,7.0,,,,,,,,,,,2.234,0.808,0.364,-0.172,88.0,204,,,,5.94,1.97,0.59,3.03,,,-0.7,,,0.7,,,,,33.3,49.6,5.349624310258554,10.81171582272008,31.84049261737977,0.6666666666666666,36.23309344442608,20.624650291953127
5,683769,"Gaddis, Hunter",1060,0.5,,,,,,,,,,,,2309,90.2,91.52,0,1,4,1.2999999999999972,6.9,117,150,122,151,295,322,303,0.115,-0.115,73.5,8.6,,,,,,,,,,,2.264,0.526,-0.246,-0.066,88.0,11,,,,6.21,-2.05,0.48,1.91,,,-2.3,,,2.3,,,,,0,37.1,15.074526532967257,-17.889933808090728,41.211266321517186,1,39.53754155094037,36.84718314699518
5,605130,"Barlow, Scott",1286,0.4,0,0,0,0,0,0.021,0.016,0,1,90,40,2475,87,87.42,0,1,4,0.4000000000000057,6.6,115,153,121,149,299,322,294,0.175,-0.175,79.7,8.0,1,1,0,0,0,0,0,0,0,0,2.592,0.446,0.21,-0.386,90.0,299,0,0,0,5.19,-2.65,0.5,1.96,0,0,-3.5,0.016,0.034,3.5,-0.016,-0.016,-0.034,-0.021,0,19.9,16.337151444429047,-11.451844917425557,40.23370921094728,1,33.66035201332786,34.414953987922715
5,682254,"Montgomery, Mason",859,0.6,0,0,0,0,0,0.408,0.45,0,1,76.5,12,2352,98.8,99.7,0,1,4,0.9000000000000057,6.78,113,151,124,147,302,323,286,0.255,-0.255,56.7,5.4,1,1,0,0,0,0,0,0,0,0,0.806,1.53,0.612,-0.292,88.0,148,0,0,0,5.86,1.43,-0.44,2.9,0,0,-5.1,0.45,0.482,5.1,-0.45,-0.45,-0.482,-0.408,0,53.7,-9.052556616587577,14.760059311972032,43.787980155552745,0,30.845434579863472,18.05467820453074
5,689254,"Fluharty, Mason",875,0.6,,,,,,,,,,,,2785,84,84.38,0,0,5,0.4000000000000057,6.68,113,154,119,147,297,322,284,0.035,-0.035,,,,,,,,,,,,,2.734,0.55,-1.01,1.01,,,,,,5.58,3.51,-0.69,2.35,,,-0.7,,,0.7,,,,,,30.3,,,,,,
5,686973,"Varland, Louis",1070,0.5,1,1,1,2,1.252,1.177,0.74,1,1,105,22,2365,89.7,90.88,0,2,3,1.2000000000000028,6.86,119,145,103,152,295,326,299,-0.8,0.8,67.6,5.9,1,1,0,1,0,0,0,0,0,0,2.942,-0.104,-0.03,0.03,96.5,286,100,100,100,5.63,-3.06,-0.55,2.43,1,1,16,0.74,2.091,-16,0.26,0.26,-0.091,0.075,0,40.2,2.6788592173135655,24.863098627815916,27.893768846291493,0.5,41.95541353665813,17.155459180155177
5,680736,"Wrobleski, Justin",1096,0.5,,,,,,,,,,,,2249,93,91.94,0,1,4,-1.0999999999999943,5.54,117,152,124,150,296,318,297,0.115,-0.115,70.2,7.5,,,,,,,,,,,1.748,0.878,0.76,0.252,88.0,4,,,,5.4,2.32,0.38,2.52,,,-2.3,,,2.3,,,,,0,34.8,8.439292235055797,-0.8354685648038246,40.80334980930555,1,28.703943554700945,20.131979993299446
5,676282,"Cantillo, Joey",1637,0.3,0.5,0,0.5,0.5,0.441,0.736,0.775,1,2,92.9,13,1881,85,86.4,0,3,2,1.4000000000000057,7.36,113,152,119,149,287,319,301,-0.142,0.142,55.6,6.7,2,2,1,0,0,0,0,0,0,0,2.498,0.762,0.398,0.122,91.8,175,50,0,0,5.82,0.52,0.07,2.21,0.5,0,2.84,0.775,0.879,-2.84,-0.275,-0.275,-0.379,-0.295,0,53.5,19.17569972473784,6.856049675386362,35.70034804703481,0.5,41.19734998675778,28.152960865374187
5,643410,"Leiter Jr., Mark",832,0.6,0,0,0,0,0,0.582,0.647,0,1,102.7,8,2036,89.5,90.18,2,3,2,0.7000000000000028,6.72,119,151,130,152,300,327,298,0.335,-0.335,78.9,8.0,1,1,0,0,0,0,0,0,0,0,2.368,0.558,0.842,0.554,102.7,141,100,0,0,5.79,-1.18,0.01,2.57,0,0,-6.7,0.647,0.708,6.7,-0.647,-0.647,-0.708,-0.582,66.7,48.8,6.609927588519858,-15.641593678349103,31.876105138685293,0,41.65303307481042,36.33781099018868
5,519141,"Pomeranz, Drew",805,0.6,,,,,,,,,,,,2652,92.2,91.44,1,2,3,-0.7999999999999972,5.68,113,148,112,153,296,315,303,0.035,-0.035,70.4,6.6,,,,,,,,,,,1.18,1.484,0.244,0.076,88.0,245,,,,6.23,2.53,0.69,3.21,,,-0.7,,,0.7,,,,,50,38.6,3.919373201235403,3.26634214652905,34.733374863607274,0.5,37.002002417357076,22.270849512542128
5,669724,"Hanifee, Brenan",955,0.5,,,,,,,,,,,,2113,93.4,92.84,0,1,4,-0.6000000000000085,6.02,117,154,124,148,307,334,293,0.035,-0.035,73.5,7.3,,,,,,,,,,,2.334,0.298,1.072,1.072,88.0,170,,,,5.49,-2.7,0.45,2.42,,,-0.7,,,0.7,,,,,0,31.0,0.6521501614463908,23.497380701668042,36.39983578547907,0,33.30984535570728,20.850981495499504
5,669060,"Wilson, Bryse",854,0.6,1,2,1,3,1.584,0.538,0.584,1,1,84.9,11,2032,88.9,88.98,0,1,4,0.09999999999999432,6.26,124,150,118,152,293,314,294,-1.007,1.007,62.5,5.8,1,1,0,0,1,0,0,0,0,0,2.096,0.786,0.6,-0.12,88.0,165,0,0,0,6.04,-2.83,-0.89,2.9,1,0,20.14,0.584,0.664,-20.14,0.416,0.41600000000000004,2.336,1.046,0,42.4,-3.506482874504691,22.709102055735862,31.821061255568644,0,27.544423115413014,15.570613731711994
4,592094,"Adam, Jason",1097,0.4,0,0,0,0,0,0.029,0.027,0,1,83.4,51,2386,85.8,85.85,1,2,2,0,6.55,121,152,125,151,306,329,292,0.296,-0.296,73.1,7.8,1,1,0,0,0,0,0,0,0,0,2.825,0.34,0.14,-0.505,88.0,225,0,0,0,6.41,-0.94,0.32,2.07,0,0,-7.4,0.027,0.042,7.4,-0.027,-0.027,-0.042,-0.029,50,39.9,14.818565610639507,-15.138487955221795,33.54031038139961,1,36.988132251029484,41.16155544868248
4,676130,"Buttó, José",1106,0.4,,,,,,,,,,,,2449,92.2,92.2,1,1,3,0.10000000000000853,6.45,119,151,107,151,293,323,295,-0.004,0.004,69.2,6.8,,,,,,,,,,,1.77,0.9475,0.39,0.13,,,,,,5.49,-2.1,0.38,2.69,,,0.1,,,-0.1,,,,,100,36.9,5.451072246334038,15.758671340997395,25.824123540661756,1,40.275500660348555,19.848855137357333
4,672582,"Zerpa, Angel",1100,0.4,,,,,,,,,,,,2026,96.3,94.88,0,0,4,-1.3999999999999915,5.4,124,150,116,153,291,326,298,-0.084,0.084,,,,,,,,,,,,,2.17,0.28,1.2875,0.7425,,,,,,5.29,2.91,0.8,2.75,,,2.1,,,-2.1,,,,,,23.6,,,,,,
4,608650,"Enns, Dietrich",757,0.5,,,,,,,,,,,,2158,91.1,90.67,0,0,4,-0.3999999999999915,6.22,125,149,114,153,289,324,308,0.076,-0.076,,,,,,,,,,,,,1.625,1.1475,0.1825,0.1825,,,,,,6.34,1.94,-0.05,1.91,,,-1.9,,,1.9,,,,,,47.4,,,,,,
4,680755,"Fisher, Braydon",839,0.5,,,,,,,,,,,,2412,89,87.53,0,0,4,-1.5,5.5,122,150,121,152,292,324,295,-0.004,0.004,,,,,,,,,,,,,2.8675,0.08,0.045,0.13,,,,,,6.52,-0.05,-0.28,3.24,,,0.1,,,-0.1,,,,,,48.5,,,,,,
4,669093,"Estrada, Jeremiah",1244,0.3,,,,,,,,,,,,2023,91.4,92.05,0,0,4,0.7999999999999972,6.83,126,152,116,150,304,329,294,-0.004,0.004,,,,,,,,,,,,,1.535,1.24,0.125,-0.1,,,,,,5.92,-0.55,0.53,2.61,,,0.1,,,-0.1,,,,,,66.3,,,,,,
4,518585,"Cruz, Fernando",793,0.5,,,,,,,,,,,,2233,93.5,94.53,0,0,4,1,6.85,124,148,113,153,288,320,295,-0.164,0.164,,,,,,,,,,,,,1.1675,1.435,0.44,-0.44,,,,,,5.94,-2.39,-0.74,2.95,,,4.1,,,-4.1,,,,,,44.2,,,,,,
4,656457,"Gilbert, Tyler",853,0.5,,,,,,,,,,,,2221,85.3,84.65,0,0,4,-0.7000000000000028,5.92,117,151,107,149,296,318,293,-0.004,0.004,,,,,,,,,,,,,2.9225,0.25,0.1925,-0.7925,,,,,,4.71,3.38,-0.44,2.35,,,0.1,,,-0.1,,,,,,6.0,,,,,,
4,573124,"Rogers, Taylor",899,0.4,,,,,,,,,,,,2442,84.7,83.6,0,0,4,-1.1000000000000085,5.67,115,150,115,151,300,323,295,-0.084,0.084,,,,,,,,,,,,,3.0075,0.25,0.0825,-0.6375,,,,,,5.69,2.01,-0.55,3,,,2.1,,,-2.1,,,,,,29.3,,,,,,
4,596001,"Junis, Jakob",1037,0.4,1,0,1,1,0.882,0.909,0.944,1,1,97.2,13,1747,86.3,85.53,1,3,1,-0.7999999999999972,5.92,123,150,123,150,298,324,302,-0.401,0.401,77.0,7.7,1,1,1,0,0,0,0,0,0,0,2.87,0.22,0.605,-0.495,92.6,98,100,0,0,5.62,-2.1,-0.52,2.83,1,0,10.025,0.944,1.124,-10.025,0.056,0.05600000000000005,-0.124,-0.027,33.3,27.4,21.829882587797638,-7.634475430406637,36.82617025512102,0.3333333333333333,35.73870189608635,36.29997064713867
4,669920,"Alexander, Jason",1252,0.3,,,,,,,,,,,,2273,84.7,85.23,0,1,3,0.5,6.6,125,149,121,152,293,320,302,0.076,-0.076,58.7,5.3,,,,,,,,,,,3.0225,0.2075,-0.035,0.035,88.0,241,,,,5.43,-1.95,-0.43,2.66,,,-1.9,,,1.9,,,,,0,20.9,-15.245193731195572,28.403209837244724,29.29016674755086,0,33.00987741914869,13.545653018462488
4,623474,"Herget, Jimmy",1287,0.3,,,,,,,,,,,,2250,88.1,86.7,0,2,2,-1.3999999999999915,4.97,122,151,124,149,300,333,303,0.076,-0.076,70.4,7.4,,,,,,,,,,,2.7275,0.1725,0.9175,0.2125,88.0,7,,,,4.8,-2.45,-0.21,2.35,,,-1.9,,,1.9,,,,,0,-3.6,8.990790163870559,1.3564396165109542,33.383372782330554,0,36.61071585139379,26.955212860172033
4,672782,"Gómez, Yoendrys",1104,0.4,,,,,,,,,,,,2555,83,83.27,0,1,3,0.29999999999999716,6.68,120,152,130,150,303,315,288,0.156,-0.156,75.9,8.1,,,,,,,,,,,3.3675,0.01,-0.8375,0.3875,88.0,1,,,,5.63,-2.01,-0.18,2.44,,,-3.9,,,3.9,,,,,0,37.0,23.489479921203394,-26.829614153957714,35.02330012848705,0,39.27000357303967,50.09408791676201
4,666214,"Wentz, Joey",1825,0.2,0,0,0,0,0,0.374,0.384,0,1,78.7,26,2441,89.2,90.53,0,1,3,1.2999999999999972,7.07,116,151,113,150,292,317,292,0.216,-0.216,72.1,6.4,1,1,0,0,0,0,0,0,0,0,2.115,0.755,-0.0025,0.0875,88.0,256,0,0,0,6.27,1.03,-0.41,1.88,0,0,-5.4,0.384,0.488,5.4,-0.384,-0.384,-0.488,-0.374,0,49.1,-1.1785803013198897,18.798912177455485,24.252697211776272,0,29.991450031787927,20.292222949342484
4,676428,"Hurter, Brant",1064,0.4,,,,,,,,,,,,1931,89.7,88.93,1,2,2,-0.7999999999999972,5.9,107,154,110,149,312,327,285,0.076,-0.076,54.6,7.0,,,,,,,,,,,2.615,0.24,1.3525,-1.3525,88.0,199,,,,5.86,3.33,0.58,2.48,,,-1.9,,,1.9,,,,,50,30.3,4.521419556345142,16.531107962126782,28.496869358469397,0.5,53.70271072585767,15.929792620569426
4,669194,"Nelson, Ryne",2467,0.2,0,0,0,0,0,0.204,0.225,0,2,97.7,25.5,2221,94.5,95.35,0,2,2,0.8999999999999915,6.85,114,151,113,149,301,321,294,0.596,-0.596,73.7,7.1,2,2,0,0,0,0,0,0,0,0,0.92,1.6375,0.2375,0.1425,97.7,146,50,0,0,6.14,-1.16,0.45,2.54,0,0,-14.9,0.225,0.245,14.9,-0.225,-0.225,-0.245,-0.204,0,53.8,7.71822387743399,2.2216260160532926,35.6697050064493,1,37.34368834358324,27.666656649740776
3,607481,"Bummer, Aaron",946,0.3,,,,,,,,,,,,2138,86.8,86.93,0,0,3,0.10000000000000853,6.53,111,153,121,150,302,321,286,-0.123,0.123,,,,,,,,,,,,,3.22667,-0.16,0.32333,-0.32333,,,,,,5.11,2.13,0.56,2.24,,,4.1,,,-4.1,,,,,,7.3,,,,,,
3,683232,"Mears, Nick",849,0.4,0,0,0,0,0,0.012,0.01,0,1,93.3,50,2392,93.6,94.07,1,3,0,0.5,6.67,121,152,116,152,304,328,300,0.337,-0.337,72.9,7.9,1,1,0,0,0,0,0,0,0,0,1.59,1.03,0.25333,-0.11333,90.7,247,0,0,0,6.21,-1.59,-0.06,2.64,0,0,-11.233333333,0.01,0.018,11.233333333,-0.01,-0.01,-0.018,-0.012,33.3,51.7,14.680280866363603,-12.465143456010246,23.930065079427504,1,42.35415147094083,36.88376568420694
3,642232,"Yarbrough, Ryan",1018,0.3,1,0,1,1,0.882,0.895,0.926,1,1,92,15,1982,80.7,80.27,0,1,2,-0.4000000000000057,6.13,120,150,135,152,287,314,281,-0.52,0.52,63.8,5.9,1,1,1,0,0,0,0,0,0,0,3.01333,0.6,0.73333,1.17333,92.0,222,0,0,0,5.34,3.19,0.63,2.11,1,0,17.333333333,0.926,1.091,-17.333333333,0.074,0.07399999999999995,-0.091,-0.013,0,17.3,6.850538730679681,-2.4736170145491703,27.684586093667455,1,26.385351193309738,24.87975982228688
3,571927,"Matz, Steven",1160,0.3,,,,,,,,,,,,2221,94.6,94.87,0,0,3,0.30000000000001137,6.43,110,153,119,147,299,322,296,0.117,-0.117,,,,,,,,,,,,,1.71333,0.83,1.34667,-1.34667,,,,,,5.78,1.8,0.66,2.79,,,-3.9,,,3.9,,,,,,32.5,,,,,,
3,592836,"Walker, Taijuan",2062,0.1,0,0,0,0,0,0.101,0.112,0,1,72.2,-1,2313,84.6,84.03,0,1,2,-0.5999999999999943,5.8,114,149,121,150,291,318,288,0.177,-0.177,70.0,7.4,1,1,0,0,0,0,0,0,0,0,2.87,0.38333,0.12333,0.50333,88.0,28,0,0,0,6.58,-1.65,-0.01,2.7,0,0,-5.9,0.112,0.115,5.9,-0.112,-0.112,-0.115,-0.101,0,42.3,3.0918260079848037,-4.238145959787516,26.943508867212593,0,48.021802257277415,31.55851949498227
3,656222,"Beeks, Jalen",924,0.3,,,,,,,,,,,,2058,92.7,93.27,0,1,2,0.5999999999999943,6.3,113,152,119,148,306,329,296,-0.043,0.043,70.4,6.9,,,,,,,,,,,1.56,1.06,0.64,-0.64,88.0,226,,,,6,1.05,-0.61,2.42,,,1.433333333,,,-1.433333333,,,,,0,51.4,-7.449189190305179,5.587023134690653,41.43077791093629,0,38.763368152355355,17.374247825732773
3,642397,"Soto, Gregory",1036,0.3,,,,,,,,,,,,2370,93.4,93.7,0,0,3,0.29999999999999716,6.6,112,152,119,149,297,327,299,-0.123,0.123,,,,,,,,,,,,,2.05667,0.6,0.87333,0.11333,,,,,,5.56,2.02,-0.26,1.67,,,4.1,,,-4.1,,,,,,33.3,,,,,,
3,676508,"Casparius, Ben",1263,0.2,1,1,1,2,1.252,1.612,0.92,1,1,111.6,21,2566,91.5,90.17,0,1,2,-1.2999999999999972,5.67,120,150,124,152,287,321,298,-0.718,0.718,74.5,7.8,1,1,0,1,0,0,0,0,0,0,1.80333,0.97333,-0.37667,-0.73667,111.6,328,100,100,100,6.26,-0.72,-0.35,2.74,1,1,23.933333333,0.92,2.971,-23.933333333,0.08,0.07999999999999996,-0.971,-0.36,0,47.5,24.09540011748511,-11.14543588325808,35.86893032328287,0,30.760547520502605,36.60377409735669
3,683409,"Chivilli, Angel",1028,0.3,0,0,0,0,0,0.55,0.437,0,1,102.3,19,2202,92.5,92.83,0,1,2,0.29999999999999716,6.17,119,151,124,149,309,337,308,0.177,-0.177,68.4,8.2,1,1,0,0,0,0,0,0,0,0,2.24,0.4,0.31667,-0.33667,102.3,358,100,0,0,5.9,-1.52,0.11,2.69,0,0,-5.9,0.437,0.873,5.9,-0.437,-0.437,-0.873,-0.55,0,36.7,9.719160927502658,-19.440077099220446,27.15091724513596,1,35.701403121827354,38.37606820644027
3,676083,"Junk, Janson",1622,0.2,,,,,,,,,,,,2182,90.7,90.97,0,1,2,0.29999999999999716,6.53,114,151,106,149,308,321,293,-0.043,0.043,73.4,6.2,,,,,,,,,,,1.74333,1.04667,-0.04333,-0.25667,88.0,127,,,,5.89,-0.49,0.07,1.21,,,1.433333333,,,-1.433333333,,,,,0,56.3,-3.383103264168523,21.66901825508965,41.27767121002747,0,36.45112839773183,18.098139977646902
3,670036,"Festa, Matt",823,0.4,,,,,,,,,,,,2457,87.4,87.73,0,1,2,0.29999999999999716,6.37,119,152,127,150,296,322,300,0.037,-0.037,67.7,6.8,,,,,,,,,,,2.51667,0.47667,-0.67667,-0.34333,88.0,178,,,,5.16,-2.12,-0.59,2.76,,,-1.233333333,,,1.233333333,,,,,0,36.2,-7.515219118376545,5.838418876534033,32.63849469657328,0,36.94138620662075,23.578032500392272
2,458677,"Wilson, Justin",832,0.2,,,,,,,,,,,,2175,93.9,93.1,0,1,1,-0.7000000000000028,6.05,124,149,138,153,289,323,310,-0.002,0.002,72.3,7.1,,,,,,,,,,,1.11,1.5,0.62,0.62,88.0,215,,,,6.43,1.24,-0.49,1.83,,,0.1,,,-0.1,,,,,0,50.9,9.994081598699472,-9.715199241435469,26.78510861018134,1,36.731754285251,33.75556137351695
2,640455,"Manaea, Sean",1095,0.2,,,,,,,,,,,,2067,90.6,91.25,0,1,1,0.7000000000000028,6.85,118,151,122,150,306,340,305,0.078,-0.078,78.0,8.5,,,,,,,,,,,2.105,0.68,1.43,0.11,88.0,123,,,,4.95,3.84,0.47,1.95,,,-3.9,,,3.9,,,,,0,12.8,20.22190091745844,-4.1507130859009544,32.34734794572047,0,47.58307057959946,34.92690792781855
2,676979,"Crochet, Garrett",3151,0.1,,,,,,,,,,,,2525,93.6,94.6,0,0,2,1,6.75,116,151,111,151,277,325,295,-0.002,0.002,,,,,,,,,,,,,2.15,0.455,0.5,0.67,,,,,,6.07,2.6,0.55,2.41,,,0.1,,,-0.1,,,,,,34.8,,,,,,
2,668933,"Ashcraft, Graham",1039,0.2,,,,,,,,,,,,2786,92.7,91.2,0,0,2,-1.5,5.35,120,151,126,152,294,326,287,-0.082,0.082,,,,,,,,,,,,,2.38,0.295,-0.645,-0.485,,,,,,6.64,0.05,0.55,2.25,,,4.1,,,-4.1,,,,,,54.0,,,,,,
2,656234,"Bird, Jake",975,0.2,,,,,,,,,,,,2812,80.7,80.3,0,0,2,-0.4000000000000057,5.85,121,152,107,149,304,335,309,-0.082,0.082,,,,,,,,,,,,,3.625,-0.125,-1.295,0.015,,,,,,5.27,-2.83,-0.2,2.83,,,4.1,,,-4.1,,,,,,21.5,,,,,,
2,471911,"Carrasco, Carlos",779,0.3,,,,,,,,,,,,2169,88.9,93.7,0,0,2,4.799999999999997,6.7,125,146,125,154,282,319,291,-0.082,0.082,,,,,,,,,,,,,2.05,0.85,0.615,-0.615,,,,,,5.94,-1.31,-1.1,2.32,,,4.1,,,-4.1,,,,,,31.8,,,,,,
2,663947,"Holton, Tyler",1164,0.2,,,,,,,,,,,,2523,85.8,85.55,0,0,2,-0.29999999999999716,6.35,127,148,101,153,281,329,301,-0.002,0.002,,,,,,,,,,,,,2.56,0.595,0.08,0.08,,,,,,5.78,1.71,0.31,2.79,,,0.1,,,-0.1,,,,,,38.0,,,,,,
2,806185,"Birdsong, Hayden",1195,0.2,1,1,1,2,1.252,0.759,0.728,1,1,106.2,14,2382,92.1,92,0,1,1,0,6.35,117,151,113,151,287,316,293,-0.757,0.757,72.8,7.5,1,1,0,1,0,0,0,0,0,0,1.59,1.12,-0.035,-0.285,106.2,309,100,0,0,6.67,-1.93,-0.39,2.15,1,0,37.85,0.728,1.055,-37.85,0.272,0.272,0.945,0.493,0,50.7,13.077685515037288,3.621789049712223,37.69026152839546,1,32.44577131553497,32.84619584631264
2,676467,"Gordon, Colton",1459,0.1,,,,,,,,,,,,1968,81.2,81.95,0,0,2,0.7000000000000028,6.8,120,152,105,150,303,324,298,0.078,-0.078,,,,,,,,,,,,,3,0.465,0.11,-0.88,,,,,,5.44,2.49,0.09,2.11,,,-3.9,,,3.9,,,,,,30.0,,,,,,
2,668881,"Greene, Hunter",1748,0.1,,,,,,,,,,,,1772,93.6,94.5,1,1,1,1,6.9,127,149,91,153,286,324,303,0.078,-0.078,65.0,7.5,,,,,,,,,,,1.75,0.895,0.945,-0.945,,,,,,5.95,-1.65,-0.41,1.93,,,-3.9,,,3.9,,,,,100,35.4,12.810648428264768,-0.12681683537471683,27.73813496739666,1,37.08704822625398,30.594808618439373
2,607067,"Rea, Colin",2536,0.1,,,,,,,,,,,,2132,90.5,90.55,0,0,2,0,6.65,118,154,116,150,292,319,293,-0.002,0.002,,,,,,,,,,,,,1.73,1.095,0.21,0.21,,,,,,5.62,-1.66,0.71,3.2,,,0.1,,,-0.1,,,,,,33.9,,,,,,
2,680730,"Parker, Mitchell",2707,0.1,0,0,0,0,0,0.36,0.313,0,1,99.8,20,2187,86.4,87.05,0,1,1,0.7000000000000028,6.9,121,151,124,150,307,339,305,0.218,-0.218,72.2,6.8,1,1,0,0,0,0,0,0,0,0,2.625,0.505,0.185,0.495,99.8,298,100,0,0,6.18,1.33,0.91,3.17,0,0,-10.9,0.313,0.582,10.9,-0.313,-0.313,-0.582,-0.36,0,58.1,1.3027437806446232,15.420836811667405,38.95237322263167,0,38.010334426322345,23.38606867020423
2,686563,"Cannon, Jonathan",1799,0.1,,,,,,,,,,,,2136,82.4,81.7,0,0,2,-0.5999999999999943,6.1,109,154,125,149,308,316,290,-0.082,0.082,,,,,,,,,,,,,3.275,0.11,0.08,0.08,,,,,,5.8,-2.27,-1.06,2.33,,,4.1,,,-4.1,,,,,,22.8,,,,,,
2,672282,"Detmers, Reid",1100,0.2,,,,,,,,,,,,2332,85.3,85.3,0,0,2,0,6.25,116,151,113,152,313,335,314,-0.002,0.002,,,,,,,,,,,,,3.315,-0.025,0.1,-0.99,,,,,,6.03,1.54,0.48,3.09,,,0.1,,,-0.1,,,,,,47.1,,,,,,
2,687765,"Spence, Mitch",1362,0.1,,,,,,,,,,,,2673,92.3,92.6,0,0,2,0.29999999999999716,6.3,119,150,133,149,295,318,293,-0.002,0.002,,,,,,,,,,,,,1.785,0.875,-0.145,-0.075,,,,,,5.99,-2.63,0.05,2.4,,,0.1,,,-0.1,,,,,,41.1,,,,,,
2,676962,"Brown, Ben",1759,0.1,,,,,,,,,,,,2253,91.8,92,0,0,2,0.20000000000000284,6.6,117,152,127,152,308,326,300,-0.082,0.082,,,,,,,,,,,,,1.97,0.765,0.09,-0.32,,,,,,6.53,-1.67,0.28,2.56,,,4.1,,,-4.1,,,,,,44.7,,,,,,
2,663893,"Little, Brendon",1252,0.2,,,,,,,,,,,,1737,89.8,88.5,1,1,1,-1.2999999999999972,5.55,129,149,107,154,285,321,295,-0.002,0.002,73.5,8.4,,,,,,,,,,,3.05,-0.205,0.35,0.35,88.0,,,,,6.1,1.8,0.22,2.26,,,0.1,,,-0.1,,,,,100,30.8,23.485381584758354,-15.667407987785879,39.721137473024775,0,43.850521877759455,42.6097511797187
2,682990,"Priester, Quinn",2469,0.1,,,,,,,,,,,,2076,92.9,93,0,0,2,0.09999999999999432,6.35,127,149,132,154,302,328,298,-0.002,0.002,,,,,,,,,,,,,2.09,0.56,1.235,-1.235,,,,,,6.08,-1.76,-0.77,2.52,,,0.1,,,-0.1,,,,,,44.2,,,,,,
2,678394,"Bello, Brayan",2698,0.1,,,,,,,,,,,,2177,94.9,95.1,0,0,2,0.19999999999998863,6.35,116,151,137,151,278,320,300,-0.082,0.082,,,,,,,,,,,,,1.78,0.745,1.095,0.315,,,,,,5.36,-1.6,-1.24,2.46,,,4.1,,,-4.1,,,,,,32.6,,,,,,
1,664285,"Valdez, Framber",2898,0,,,,,,,,,,,,3027,81.1,79.5,0,0,1,-1.5999999999999943,5.7,121,143,87,154,276,328,319,0.039,-0.039,,,,,,,,,,,,,4.87,-1.34,-0.98,-0.98,,,,,,6.08,0.8,0.53,2.27,,,-3.9,,,3.9,,,,,,40.7,,,,,,
1,663568,"Kolek, Stephen",1693,0.1,,,,,,,,,,,,2465,90.2,90.3,0,0,1,0.09999999999999432,6.1,113,152,122,147,320,335,305,-0.041,0.041,,,,,,,,,,,,,2.43,0.34,-0.15,-0.15,,,,,,5.22,-2.72,1.04,1.25,,,4.1,,,-4.1,,,,,,32.6,,,,,,
1,607200,"Fedde, Erick",2374,0,,,,,,,,,,,,1923,92.9,93.7,1,1,0,0.7999999999999972,6.6,126,146,135,153,297,327,301,0.039,-0.039,75.8,7.0,,,,,,,,,,,1.78,0.85,1.18,-1.18,,,,,,6.07,-1.47,-0.47,3.05,,,-3.9,,,3.9,,,,,100,36.1,0.02158221093715773,16.108981016084456,37.64511387891278,0,43.45197847915657,22.3052408274285
1,677944,"Cecconi, Slade",2069,0,,,,,,,,,,,,2335,69.8,69.9,0,0,1,0.10000000000000853,6.6,124,148,141,153,298,314,302,-0.041,0.041,,,,,,,,,,,,,5.88,-1.16,-1.03,1.03,,,,,,6.06,-1.46,0.17,1.32,,,4.1,,,-4.1,,,,,,50.1,,,,,,
1,687473,"Gusto, Ryan",1762,0.1,1,1,1,2,1.252,0.427,0.338,1,1,98.8,22,2519,79.2,79,0,1,0,-0.20000000000000284,6.3,123,149,140,154,295,311,300,-0.716,0.716,74.4,7.2,1,1,0,1,0,0,0,0,0,0,4.97,-1.32,-0.81,0.81,98.8,362,100,0,0,5.81,-2.01,-0.2,1.99,1,0,71.6,0.338,0.693,-71.6,0.662,0.6619999999999999,1.307,0.825,0,42.2,6.920096218237166,1.4070019872687252,34.75420254320421,1,40.67998673578329,42.673800829016024
1,676106,"Hancock, Emerson",1423,0.1,,,,,,,,,,,,2467,96.3,95.3,0,0,1,-1,5.9,114,153,124,145,306,335,317,-0.041,0.041,,,,,,,,,,,,,2.16,0.31,1.63,1.63,,,,,,5.19,-2.6,1.35,3.77,,,4.1,,,-4.1,,,,,,12.1,,,,,,
1,808967,"Yamamoto, Yoshinobu",2792,0,,,,,,,,,,,,2752,89,88.9,1,1,0,-0.09999999999999432,6.3,115,154,127,148,303,316,292,0.039,-0.039,76.0,8.1,,,,,,,,,,,3.05,-0.16,-0.54,-0.54,,,,,,5.49,-1.82,0.31,1.49,,,-3.9,,,3.9,,,,,100,43.9,14.578419983227187,-19.654238127928902,30.706740507411237,1,38.8866186964213,46.766611548916615
1,554430,"Wheeler, Zack",2394,0,,,,,,,,,,,,2477,97.2,97.7,0,1,0,0.5,6.8,122,148,95,152,282,325,305,0.039,-0.039,71.7,7.6,,,,,,,,,,,1.4,1.03,1.23,-1.23,88.0,248,,,,5.08,-2.01,-0.19,2.96,,,-3.9,,,3.9,,,,,0,19.1,12.462120158551375,-13.251294054345848,34.726735608217986,1,40.133052119055705,28.321156759529917
1,519242,"Sale, Chris",2031,0,,,,,,,,,,,,2311,94.7,95.7,0,0,1,1,6.9,131,150,130,155,296,329,312,-0.041,0.041,,,,,,,,,,,,,2.29,0.26,1.49,1.49,,,,,,4.85,3.14,1.2,3.31,,,4.1,,,-4.1,,,,,,6.8,,,,,,
1,657746,"Ryan, Joe",2798,0,,,,,,,,,,,,2578,76.4,76.2,0,0,1,-0.20000000000000284,6.2,128,145,136,153,293,328,295,-0.041,0.041,,,,,,,,,,,,,4.09,-0.17,-1.61,1.61,,,,,,4.92,-2.63,-0.58,1.34,,,4.1,,,-4.1,,,,,,20.6,,,,,,
1,695418,"Lord, Brad",2129,0,,,,,,,,,,,,2205,96.5,96,0,0,1,-0.5,5.7,113,152,122,148,305,316,301,-0.041,0.041,,,,,,,,,,,,,2.15,0.27,1.51,1.51,,,,,,5.18,-2.27,-0.95,1.71,,,4.1,,,-4.1,,,,,,19.7,,,,,,
1,650911,"Sánchez, Cristopher",2897,0,,,,,,,,,,,,2145,94.9,95.3,0,0,1,0.3999999999999915,6.7,123,149,97,152,280,316,294,0.039,-0.039,,,,,,,,,,,,,2.12,0.42,1.6,1.6,,,,,,6.11,1.87,0.41,2.57,,,-3.9,,,3.9,,,,,,29.9,,,,,,
1,607259,"Martinez, Nick",2582,0,,,,,,,,,,,,2386,89.9,89.1,1,1,0,-0.8000000000000114,5.7,126,149,112,153,293,323,291,0.039,-0.039,68.4,6.6,,,,,,,,,,,1.93,0.88,-0.2,0.2,,,,,,6.19,-1.72,-0.46,3.23,,,-3.9,,,3.9,,,,,100,54.9,8.001041972689821,18.467532750760338,26.929652064828492,1,38.26669739331254,19.990669196373087
1,477132,"Kershaw, Clayton",1772,0.1,,,,,,,,,,,,2139,90.7,91.4,0,0,1,0.7000000000000028,6.7,93,153,120,147,301,327,296,0.039,-0.039,,,,,,,,,,,,,1.45,1.32,-0.1,0.1,,,,,,5.97,1.64,-0.08,1.73,,,-3.9,,,3.9,,,,,,53.1,,,,,,
1,543135,"Eovaldi, Nathan",1924,0.1,,,,,,,,,,,,2027,75.9,75.9,0,0,1,0,6.5,110,150,93,154,273,325,287,0.039,-0.039,,,,,,,,,,,,,4.81,-0.83,-1.06,1.06,,,,,,5.53,-2.36,-0.39,1.71,,,-3.9,,,3.9,,,,,,34.5,,,,,,
1,641793,"Littell, Zack",2791,0,,,,,,,,,,,,2053,91.4,91,0,0,1,-0.4000000000000057,6.3,108,153,125,147,296,330,302,0.039,-0.039,,,,,,,,,,,,,1.88,0.88,1.37,1.37,,,,,,6.13,-0.85,0.32,2.92,,,-3.9,,,3.9,,,,,,40.0,,,,,,
1,676440,"Bibee, Tanner",2975,0,,,,,0.722,0.722,,0,0,,,2715,86.6,86.7,0,0,1,0.10000000000000853,6.4,123,145,93,153,300,315,294,-0.441,0.441,,,1,0,0,0,0,0,0,0,0,0,3.02,0.03,-0.7,0.7,,,,,,6.26,-2.1,1.96,0.6,1,,44.1,1,,-44.1,,0,,0,,53.2,,,,,,
1,656849,"Peterson, David",2703,0,,,,,,,,,,,,2280,75.3,76.1,0,0,1,0.7999999999999972,6.8,113,153,126,150,300,332,281,-0.041,0.041,,,,,,,,,,,,,4.67,-0.66,-0.64,0.64,,,,,,6.29,2.25,2.69,4.41,,,4.1,,,-4.1,,,,,,44.4,,,,,,
1,543243,"Gray, Sonny",2724,0,0,0,0,0,0,0.238,0.264,0,1,67.5,13,2209,85.7,86,0,1,0,0.29999999999999716,6.7,120,144,124,153,290,321,293,0.259,-0.259,55.3,6.9,1,1,0,0,0,0,0,0,0,0,2.4,0.72,1.28,-1.28,88.0,123,0,0,0,5.36,-0.91,-0.97,2.8,0,0,-25.9,0.264,0.264,25.9,-0.264,-0.264,-0.264,-0.238,0,43.5,-2.4668768483698758,14.917800303850035,27.40279850903524,0,53.64666898722444,20.694903322586832
1,650644,"Civale, Aaron",1748,0.1,,,,,,,,,,,,2721,89.5,88.2,1,1,0,-1.2999999999999972,5.5,113,154,124,151,307,328,292,0.039,-0.039,78.6,8.2,,,,,,,,,,,1.66,1.18,-0.56,-0.56,,,,,,6.46,-0.32,0.61,2.21,,,-3.9,,,3.9,,,,,100,45.9,21.024152865789137,-17.514082175714645,32.69762084002824,0,45.145364565625876,37.83936207582133
1,680885,"Schwellenbach, Spencer",1577,0.1,,,,,,,,,,,,2460,97.8,98.6,0,0,1,0.7999999999999972,6.9,111,152,94,149,305,317,297,-0.041,0.041,,,,,,,,,,,,,1.14,1.26,0.5,0.5,,,,,,5.22,-2.15,0.73,3.13,,,4.1,,,-4.1,,,,,,34.5,,,,,,
1,693855,"Seymour, Ian",999,0.1,,,,,,,,,,,,2118,78.7,77.9,0,0,1,-0.7999999999999972,6,122,146,91,152,291,323,295,0.039,-0.039,,,,,,,,,,,,,4.2,-0.48,-1.12,-1.12,,,,,,5.69,2.01,-0.13,1.84,,,-3.9,,,3.9,,,,,,40.9,,,,,,
1,668909,"Williams, Gavin",2925,0,,,,,,,,,,,,2437,81.2,80.9,0,0,1,-0.29999999999999716,6.7,120,148,95,154,300,326,303,-0.041,0.041,,,,,,,,,,,,,4.77,-1.24,-1.05,1.05,,,,,,6.14,-2.79,-1.79,2.93,,,4.1,,,-4.1,,,,,,36.5,,,,,,
1,666157,"Lodolo, Nick",2483,0,,,,,,,,,,,,2377,93.8,93.5,0,0,1,-0.29999999999999716,6.3,129,148,103,152,287,324,304,-0.041,0.041,,,,,,,,,,,,,1.86,0.76,1.6,1.6,,,,,,5.44,3.63,-1.17,2.06,,,4.1,,,-4.1,,,,,,14.3,,,,,,
1,671096,"Abbott, Andrew",2677,0,,,,,,,,,,,,2703,82.6,82.8,0,0,1,0.20000000000000284,6.5,122,149,87,152,270,319,287,-0.041,0.041,,,,,,,,,,,,,2.91,0.43,-0.74,-0.74,,,,,,5.99,2.57,-0.85,2.5,,,4.1,,,-4.1,,,,,,49.3,,,,,,
1,666171,"Zeferjahn, Ryan",1039,0.1,,,,,,,,,,,,2249,96.6,96.7,0,1,0,0.10000000000000853,6.6,111,154,128,148,315,325,306,0.039,-0.039,70.0,7.6,,,,,,,,,,,1.04,1.43,0.38,0.38,88.0,205,,,,6,-1.31,0.9,2.3,,,-3.9,,,3.9,,,,,0,43.4,-0.4352562631132069,16.463009809321054,31.466789551887132,0,48.48186137770636,18.991495874051385
1,641778,"Lauer, Eric",1690,0.1,,,,,,,,,,,,2197,92,92.1,0,0,1,0.09999999999999432,6.1,124,148,125,154,277,315,294,-0.041,0.041,,,,,,,,,,,,,1.47,1.21,0.57,0.57,,,,,,5.91,2.06,0.93,3.35,,,4.1,,,-4.1,,,,,,32.5,,,,,,
1,527048,"Pérez, Martín",904,0.1,0,0,0,0,0,0.166,0.185,0,1,91,-7,2097,88.9,88.7,0,1,0,-0.20000000000000284,6,110,148,88,148,289,315,304,0.259,-0.259,70.8,6.5,1,1,0,0,0,0,0,0,0,0,2.03,0.84,1.17,1.17,91.0,16,0,0,0,5.87,0.9,0.29,2.07,0,0,-25.9,0.185,0.207,25.9,-0.185,-0.185,-0.207,-0.166,0,47.6,2.1832363687979384,4.525987032810769,45.36328637708346,0,29.025569921622985,27.329678486507646
1,592332,"Gausman, Kevin",3038,0,0,0,0,0,0,0.402,0.425,0,1,84.7,7,2127,93.5,94.3,0,1,0,0.7999999999999972,6.8,112,153,104,147,294,313,283,0.259,-0.259,71.4,7.6,1,1,0,0,0,0,0,0,0,0,1.13,1.48,0.73,0.73,88.0,136,0,0,0,5.83,-2.33,0.06,1.92,0,0,-25.9,0.425,0.475,25.9,-0.425,-0.425,-0.475,-0.402,0,42.2,2.7176772336316404,6.703087979404151,32.86916743201583,0,36.47231250589529,23.527811811525957
1,663978,"Paddack, Chris",2566,0,,,,,,,,,,,,2244,93.4,93.9,0,0,1,0.5,7.1,113,150,126,149,311,331,286,0.039,-0.039,,,,,,,,,,,,,1.01,1.65,0.92,0.92,,,,,,6.15,-1.79,0.58,3.16,,,-3.9,,,3.9,,,,,,50.5,,,,,,
1,700241,"McGreevy, Michael",1466,0.1,,,,,,,,,,,,2150,92.4,93.2,0,0,1,0.7999999999999972,6.8,114,154,130,148,310,332,293,-0.041,0.041,,,,,,,,,,,,,1.62,1.05,0.77,0.77,,,,,,5.91,-2.31,-0.93,2.62,,,4.1,,,-4.1,,,,,,33.1,,,,,,
1,657571,"Ferguson, Caleb",1054,0.1,,,,,,,,,,,,2438,92.6,92.5,0,0,1,-0.09999999999999432,6.4,121,147,94,153,289,315,308,0.039,-0.039,,,,,,,,,,,,,1.55,1.13,1.3,1.3,,,,,,5.96,2.56,0.47,3.23,,,-3.9,,,3.9,,,,,,43.2,,,,,,
1,650633,"King, Michael",1219,0.1,,,,,,,,,,,,2239,90.5,88.6,0,0,1,-1.9000000000000057,5.5,127,149,103,153,292,321,289,-0.041,0.041,,,,,,,,,,,,,2.33,0.49,1.56,-1.56,,,,,,5.46,-3.48,-1.04,3.56,,,4.1,,,-4.1,,,,,,21.2,,,,,,
1,573204,"Thielbar, Caleb",842,0.1,,,,,,,,,,,,2642,81.9,81.9,0,0,1,0,6.3,127,150,125,154,286,318,300,-0.041,0.041,,,,,,,,,,,,,3.28,0.12,-1.23,-1.23,,,,,,5.97,0.45,-1.01,1.79,,,4.1,,,-4.1,,,,,,49.1,,,,,,
1,672456,"Montero, Keider",1474,0.1,,,,,,,,,,,,1694,84.5,84.1,0,0,1,-0.4000000000000057,6.1,125,148,91,153,283,329,302,-0.041,0.041,,,,,,,,,,,,,2.67,0.54,1.41,-1.41,,,,,,5.63,-2.63,-3.4,4.71,,,4.1,,,-4.1,,,,,,36.6,,,,,,
1,694297,"Pfaadt, Brandon",2931,0,0,0,0,0,0,0.117,0.124,0,1,87.4,-12,2418,91.9,91.9,0,1,0,0,6.5,116,153,85,151,295,319,304,0.259,-0.259,71.8,6.7,1,1,0,0,0,0,0,0,0,0,2.18,0.54,1.29,1.29,88.0,11,0,0,0,5.49,-2.45,-0.43,2.58,0,0,-25.9,0.124,0.147,25.9,-0.124,-0.124,-0.147,-0.117,0,23.5,5.896715755543565,8.547442013650167,25.138366408002522,1,32.98224923243516,26.370227327925697
1,669373,"Skubal, Tarik",2849,0,,,,,,,,,,,,2239,98.1,98,0,0,1,-0.09999999999999432,6.5,125,151,112,152,276,334,315,-0.041,0.041,,,,,,,,,,,,,1.13,1.27,0.93,0.93,,,,,,6,1.5,-0.88,1.4,,,4.1,,,-4.1,,,,,,48.8,,,,,,
1,669160,"May, Dustin",2182,0,1,0,1,1,0.882,0.899,0.948,1,1,80.7,19,2140,90.9,91.1,0,1,0,0.19999999999998863,6.6,125,148,135,153,276,316,303,-0.438,0.438,70.1,7.8,1,1,1,0,0,0,0,0,0,0,2.28,0.49,1.61,-1.61,88.0,237,0,0,0,5.05,-2.45,-0.76,1.69,1,0,43.8,0.948,1.082,-43.8,0.052,0.052000000000000046,-0.082,-0.017,0,19.1,16.22633108813343,-9.655636124067223,33.9151053764876,1,40.49248932983663,40.48302882015742
1,687134,"Blalock, Bradley",1035,0.1,,,,,,,,,,,,2020,90,90.8,0,0,1,0.7999999999999972,6.4,123,148,105,150,297,337,302,0.039,-0.039,,,,,,,,,,,,,2.12,0.66,-0.55,0.55,,,,,,6.27,-1.57,0.63,3.02,,,-3.9,,,3.9,,,,,,62.6,,,,,,
1,592662,"Ray, Robbie",3072,0,,,,,,,,,,,,2365,92.8,92.5,0,1,0,-0.29999999999999716,6.2,124,149,94,151,268,314,299,0.039,-0.039,77.0,6.9,,,,,,,,,,,1.26,1.4,1.08,1.08,88.0,68,,,,6.03,2.56,1.15,2.73,,,-3.9,,,3.9,,,,,0,43.0,13.534212278891923,-12.233375340506223,24.047942377915625,1,22.601692312919177,37.41899996274791
1,681190,"Vásquez, Randy",2153,0,,,,,,,,,,,,2606,96.5,95.9,0,0,1,-0.5999999999999943,6,123,146,142,153,295,317,304,-0.041,0.041,,,,,,,,,,,,,1.11,1.35,1.01,-1.01,,,,,,5.91,-2.17,0.1,3.76,,,4.1,,,-4.1,,,,,,31.9,,,,,,
1,689017,"Knack, Landon",773,0.1,,,,,,,,,,,,2363,91.7,91.2,0,1,0,-0.5,6.1,122,148,123,153,291,310,296,0.039,-0.039,72.0,6.5,,,,,,,,,,,1.25,1.46,0.59,-0.59,93.3,246,,,,5.82,-0.99,-0.49,2.87,,,-3.9,,,3.9,,,,,0,52.4,7.406397184361444,9.600650767086034,29.841176508820304,1,42.14562546857742,25.965887590325067
1,686701,"Bergert, Ryan",1316,0.1,,,,,,,,,,,,2616,88.3,88.8,0,0,1,0.5,6.6,132,151,129,154,295,326,298,-0.041,0.041,,,,,,,,,,,,,2.47,0.45,-0.3,0.3,,,,,,5.87,-1.88,0.34,1.28,,,4.1,,,-4.1,,,,,,50.0,,,,,,
1,677952,"Ashcraft, Braxton",1107,0.1,,,,,,,,,,,,2487,97.2,97.6,0,0,1,0.3999999999999915,6.3,121,149,91,152,289,311,305,-0.041,0.041,,,,,,,,,,,,,1.04,1.35,0.62,-0.62,,,,,,6.32,-1.29,1.07,1.82,,,4.1,,,-4.1,,,,,,42.1,,,,,,